mae,rmse,r2,epochs,dec_seq_len,n_decoder_layers,n_encoder_layers,n_heads
0.09997954453334833,0.1136707562799155,-0.796628924852469,30.0,1.0,1.0,1.0,2.0
0.24066196290503375,0.2519560479688347,-7.413100291627597,30.0,1.0,1.0,1.0,4.0
0.21704231766711107,0.23142416313245562,-8.855039397088822,30.0,1.0,1.0,1.0,6.0
0.08314859364867011,0.10289986832204147,-1.96319450058613,30.0,1.0,1.0,1.0,8.0
0.08989223563020471,0.12864567711127572,-5.4972619054812775,30.0,1.0,1.0,1.0,9.0
0.2961511330589695,0.2994826503247528,-3.524004706749854,30.0,1.0,2.0,2.0,2.0
0.051490639429014176,0.0694071794781332,0.6212317564599388,30.0,1.0,2.0,2.0,4.0
0.07190314422030078,0.09998830108008287,-0.9650873831565707,30.0,1.0,2.0,2.0,6.0
0.080448659307142,0.10046296879588976,-0.19249993141014365,30.0,1.0,2.0,2.0,8.0
0.08660739346979052,0.11402320009667338,-1.4023330035580615,30.0,1.0,2.0,2.0,9.0
0.06597777478571913,0.0841588314766152,0.28763276119699954,30.0,1.0,3.0,3.0,2.0
0.06722728311565289,0.08690342577853198,0.014496115033492352,30.0,1.0,3.0,3.0,4.0
0.17979237802674802,0.1983983498874205,-6.1789967652778035,30.0,1.0,3.0,3.0,6.0
0.08235717365436483,0.10200041771405534,-0.19749351037045915,30.0,1.0,3.0,3.0,8.0
0.052656079223154316,0.06556718674120592,0.5789194884773354,30.0,1.0,3.0,3.0,9.0
0.07278238339891403,0.09349898538733505,-0.0806454835930801,30.0,1.0,4.0,4.0,2.0
0.2162393474365317,0.22033748719375892,-2.399987091734119,30.0,1.0,4.0,4.0,4.0
0.06696205660328859,0.08073877953671142,0.43136818284394884,30.0,1.0,4.0,4.0,6.0
0.06652123288007192,0.08120497492974665,0.33830518142562827,30.0,1.0,4.0,4.0,8.0
0.06964635625187102,0.09071595397321038,0.102568259654228,30.0,1.0,4.0,4.0,9.0
0.12010892935445341,0.13831027601171128,-1.14622245392205,30.0,1.0,5.0,5.0,2.0
0.060491517491151635,0.08357978729794469,-0.19690611318691809,30.0,1.0,5.0,5.0,4.0
0.0846584407949248,0.10745440982042892,-0.6523774571434409,30.0,1.0,5.0,5.0,6.0
0.08321934541429349,0.10757787916313176,-2.3079867990772662,30.0,1.0,5.0,5.0,8.0
0.05920492492513669,0.07913422417779904,0.18133950824364653,30.0,1.0,5.0,5.0,9.0
0.13194782125801277,0.1501312999635733,-2.230717177972392,30.0,1.0,6.0,6.0,2.0
0.0749585526560834,0.0981244392572166,-0.2986380579998491,30.0,1.0,6.0,6.0,4.0
0.06769304827588246,0.0812068004630642,0.5407701836214294,30.0,1.0,6.0,6.0,6.0
0.09217074669584462,0.1130786549161677,-0.5593899661425157,30.0,1.0,6.0,6.0,8.0
0.05795645036349316,0.07171133494577613,0.4362404348940365,30.0,1.0,6.0,6.0,9.0
0.06559647364625319,0.08399659779292294,0.09917810634584256,30.0,1.0,7.0,7.0,2.0
0.09458432293560048,0.12127537000189846,-1.5963328240079293,30.0,1.0,7.0,7.0,4.0
0.09353352118414551,0.116451592715009,-0.8892219915811597,30.0,1.0,7.0,7.0,6.0
0.06742267095715174,0.08481918579821321,0.26539401279061625,30.0,1.0,7.0,7.0,8.0
0.08500445528497665,0.10870356345395477,-0.7675523928828702,30.0,1.0,7.0,7.0,9.0
0.15126469898075295,0.16548494137678046,-2.6151295726892223,30.0,2.0,1.0,1.0,2.0
0.04764152249865956,0.06264115433227331,0.6536169775148227,30.0,2.0,1.0,1.0,4.0
0.13003583896011545,0.1509505003582154,-2.563355076331781,30.0,2.0,1.0,1.0,6.0
0.18879318145762317,0.20207495298422112,-4.62461342119609,30.0,2.0,1.0,1.0,8.0
0.10111691244294677,0.12357968256438215,-1.2090643784051296,30.0,2.0,1.0,1.0,9.0
0.4537722159211879,0.47589513146439705,-559.040330735804,30.0,2.0,2.0,2.0,2.0
0.4526896263942165,0.45486107697003236,-5.66826816240856,30.0,2.0,2.0,2.0,4.0
0.12189723042498461,0.14086381313733115,-1.8514009267974116,30.0,2.0,2.0,2.0,6.0
0.41268211382478903,0.41746024035604073,-3.4289624317186504,30.0,2.0,2.0,2.0,8.0
0.11152642089583528,0.13599835224115325,-2.0415683192914313,30.0,2.0,2.0,2.0,9.0
0.22761934546481005,0.24588103224324095,-14.969921797299257,30.0,2.0,3.0,3.0,2.0
0.05917653312999551,0.0770552716336649,0.24640578387203071,30.0,2.0,3.0,3.0,4.0
0.05419033319471821,0.06973284892204054,0.4602878982938138,30.0,2.0,3.0,3.0,6.0
0.14851503042231434,0.16472781562299077,-2.8055024516935685,30.0,2.0,3.0,3.0,8.0
0.09332715102032911,0.11010079849367241,-0.23839386238353089,30.0,2.0,3.0,3.0,9.0
0.2036320383136514,0.21140306759857005,-2.848118412725728,30.0,2.0,4.0,4.0,2.0
0.06743467758813047,0.09165965420793647,-0.43927933959080145,30.0,2.0,4.0,4.0,4.0
0.11054478792200916,0.12663896946146389,-0.739021996312677,30.0,2.0,4.0,4.0,6.0
0.043921811230207324,0.05540259946897307,0.7825627672339,30.0,2.0,4.0,4.0,8.0
0.05604158730417314,0.07428271517425053,0.4796402263451297,30.0,2.0,4.0,4.0,9.0
0.2504208025122725,0.25731734622874347,-6.064337892531745,30.0,2.0,5.0,5.0,2.0
0.08122180857533502,0.09979986358893272,-0.05079986716746254,30.0,2.0,5.0,5.0,4.0
0.10742345003138418,0.12119923882331499,-0.43403561132832924,30.0,2.0,5.0,5.0,6.0
0.06254849536985378,0.08032634705103159,0.11175363104200253,30.0,2.0,5.0,5.0,8.0
0.14954703338792355,0.16409090147822578,-2.359130196776068,30.0,2.0,5.0,5.0,9.0
0.13825110542625618,0.1688468569435277,-7.5284227627978595,30.0,2.0,6.0,6.0,2.0
0.09366005051132134,0.11139969114976936,-0.36246698450833814,30.0,2.0,6.0,6.0,4.0
0.06960296644172961,0.08765783323870818,-0.2802491308772552,30.0,2.0,6.0,6.0,6.0
0.08640726081531992,0.11486039809499704,-2.051031888723279,30.0,2.0,6.0,6.0,8.0
0.08791999948026488,0.11520867735721042,-1.8429361511249387,30.0,2.0,6.0,6.0,9.0
0.06656775921126137,0.08528862200146134,0.21281846666583304,30.0,2.0,7.0,7.0,2.0
0.09453567735184801,0.1162901624466004,-0.7593665444613624,30.0,2.0,7.0,7.0,4.0
0.0932980321311751,0.12074513403703689,-1.7889518383062266,30.0,2.0,7.0,7.0,6.0
0.1536386524424,0.17758997631234172,-6.036870678488767,30.0,2.0,7.0,7.0,8.0
0.08435508680068636,0.10434849812366269,-0.993152401881072,30.0,2.0,7.0,7.0,9.0
0.214455534496411,0.22662970805240146,-6.03346718059229,30.0,4.0,1.0,1.0,2.0
0.24130649236689442,0.277864889153676,-54.14681249133015,30.0,4.0,1.0,1.0,4.0
0.14205020733525786,0.16019963126792594,-2.9657066787783255,30.0,4.0,1.0,1.0,6.0
0.2442794502561334,0.25574439888966194,-8.43653071141633,30.0,4.0,1.0,1.0,8.0
0.17564089862357013,0.2185287760882208,-44.238717015399324,30.0,4.0,1.0,1.0,9.0
0.09452902172234046,0.1195580776120555,-1.1952725335859515,30.0,4.0,2.0,2.0,2.0
0.19555448420693908,0.20964758844365128,-6.151402173272712,30.0,4.0,2.0,2.0,4.0
0.4887083626573327,0.5021005109631043,-137.86321172889856,30.0,4.0,2.0,2.0,6.0
0.2201853196606083,0.23945773803278203,-14.38365262247316,30.0,4.0,2.0,2.0,8.0
0.19324780313025347,0.2073561069117653,-5.593301010748616,30.0,4.0,2.0,2.0,9.0
0.27474179037263424,0.29317120314244677,-31.196586857304098,30.0,4.0,3.0,3.0,2.0
0.12636984932274056,0.1434948169495053,-1.563192963166641,30.0,4.0,3.0,3.0,4.0
0.07629053843308095,0.10231313697984083,-0.9896254720554447,30.0,4.0,3.0,3.0,6.0
0.14224287219693693,0.16753191123955616,-4.845320289165365,30.0,4.0,3.0,3.0,8.0
0.08781989520631979,0.11059313046332171,-0.669114802321479,30.0,4.0,3.0,3.0,9.0
0.18814426350444985,0.1952978439830724,-2.406667754512024,30.0,4.0,4.0,4.0,2.0
0.10094933337952931,0.11874047011051596,-0.5805367569697086,30.0,4.0,4.0,4.0,4.0
0.11389964608202807,0.12723828987407457,-0.5282965694274648,30.0,4.0,4.0,4.0,6.0
0.08642478977874049,0.10468875060921297,-0.15619011867170318,30.0,4.0,4.0,4.0,8.0
0.04218865892502193,0.05736368301401339,0.7027340456949709,30.0,4.0,4.0,4.0,9.0
0.42208393005381456,0.4258028054421673,-14.346489137434567,30.0,4.0,5.0,5.0,2.0
0.058652113410111256,0.07318994701110272,0.4385055198760942,30.0,4.0,5.0,5.0,4.0
0.16779615171601805,0.18001229780163042,-2.9062868359829133,30.0,4.0,5.0,5.0,6.0
0.09563526211762373,0.13381549713558036,-3.713646076611317,30.0,4.0,5.0,5.0,8.0
0.08114013300792111,0.10032941365040783,-0.12913070597455611,30.0,4.0,5.0,5.0,9.0
0.11265278843890066,0.12201455962820759,-0.08786217745658753,30.0,4.0,6.0,6.0,2.0
0.09762584681708868,0.11833356220293659,-0.7596007156048319,30.0,4.0,6.0,6.0,4.0
0.11504703946759733,0.1320426365244292,-0.9510109303598693,30.0,4.0,6.0,6.0,6.0
0.0797411305943747,0.09603970534073568,-1.0469932223422833,30.0,4.0,6.0,6.0,8.0
0.06101972911930543,0.07768653629059881,0.5500269993002201,30.0,4.0,6.0,6.0,9.0
0.1294540825186793,0.15925505180111607,-5.438960854937302,30.0,4.0,7.0,7.0,2.0
0.08701909714303606,0.1064979618412409,-0.3080581998978198,30.0,4.0,7.0,7.0,4.0
0.09184393682354974,0.11320984762342792,-0.45109395892428594,30.0,4.0,7.0,7.0,6.0
0.07510002109768185,0.09001715385370461,0.3293478977468496,30.0,4.0,7.0,7.0,8.0
0.10249164262054085,0.13234364915806013,-2.944509685310166,30.0,4.0,7.0,7.0,9.0
0.09412706561734711,0.10456984962811884,0.30215457877057394,30.0,6.0,1.0,1.0,2.0
0.13020873017957244,0.1571159728801314,-3.087378863768759,30.0,6.0,1.0,1.0,4.0
0.4672017825429682,0.4712247282493484,-15.738128754796268,30.0,6.0,1.0,1.0,6.0
0.33457541731844775,0.36754505891824296,-45.80427148135967,30.0,6.0,1.0,1.0,8.0
0.19098334956020546,0.2148034563340416,-11.413856690219612,30.0,6.0,1.0,1.0,9.0
0.528301083523536,0.530856124649692,-21.804352351589696,30.0,6.0,2.0,2.0,2.0
0.1772320233568592,0.19555673781730176,-4.04120750590745,30.0,6.0,2.0,2.0,4.0
0.12673750264516637,0.18405931727726785,-16.818622528818562,30.0,6.0,2.0,2.0,6.0
0.6510138456806583,0.6668092720379173,-69.88316085395913,30.0,6.0,2.0,2.0,8.0
0.39648334212949315,0.41991589505275395,-242.87201330299075,30.0,6.0,2.0,2.0,9.0
0.4200159588242614,0.4372689273564063,-50.05640096121891,30.0,6.0,3.0,3.0,2.0
0.07866961670876997,0.10051065746174935,-0.2823613308915456,30.0,6.0,3.0,3.0,4.0
0.33675896910677783,0.3550711083861289,-65.74598323390265,30.0,6.0,3.0,3.0,6.0
0.11448485799481901,0.13506077671435446,-1.4372405263834604,30.0,6.0,3.0,3.0,8.0
0.08070623512466009,0.0951065700198044,0.3368024020212226,30.0,6.0,3.0,3.0,9.0
0.8415544027869942,0.8448562944589597,-38.996040534309216,30.0,6.0,4.0,4.0,2.0
0.15475661822011502,0.1670780531712591,-2.179357670807297,30.0,6.0,4.0,4.0,4.0
0.30239025997966956,0.31991734131751287,-8.505529927195001,30.0,6.0,4.0,4.0,6.0
0.061799740885232456,0.07862364680138023,0.47962939237431934,30.0,6.0,4.0,4.0,8.0
0.07213522364674835,0.0956863390227204,-0.4786378959418456,30.0,6.0,4.0,4.0,9.0
0.14752373126994006,0.16602684048707925,-3.3834375988318452,30.0,6.0,5.0,5.0,2.0
0.11073213684410287,0.13198517343148966,-1.3600851990928526,30.0,6.0,5.0,5.0,4.0
0.11349087226242256,0.12494231270510583,-0.23477008794160015,30.0,6.0,5.0,5.0,6.0
0.059565246609187064,0.07640542945234453,0.2093200793432345,30.0,6.0,5.0,5.0,8.0
0.09142255057188599,0.11407959215927045,-0.7429911157672682,30.0,6.0,5.0,5.0,9.0
0.0883373846888099,0.12116436266705116,-3.064267498210512,30.0,6.0,6.0,6.0,2.0
0.14810188559542528,0.16969396374214546,-4.096396033382081,30.0,6.0,6.0,6.0,4.0
0.09838185674404834,0.12531908053999932,-1.5225489974582178,30.0,6.0,6.0,6.0,6.0
0.11763544626882108,0.12977002726259473,-0.45379157315522467,30.0,6.0,6.0,6.0,8.0
0.08403686282222299,0.10612198433065627,-0.5262536895655534,30.0,6.0,6.0,6.0,9.0
0.330614048320556,0.3348204132979606,-4.0938884202863495,30.0,6.0,7.0,7.0,2.0
0.09409539062057225,0.11226388713963445,-0.3031381068417547,30.0,6.0,7.0,7.0,4.0
0.0665635701067777,0.08493730554957149,-0.34740351681633164,30.0,6.0,7.0,7.0,6.0
0.07064703743025927,0.08349015073671502,0.018112379906192633,30.0,6.0,7.0,7.0,8.0
0.0616449468468282,0.07377106983328142,0.22266729295990695,30.0,6.0,7.0,7.0,9.0
0.3095884329860452,0.3226070569740105,-23.15054856345093,30.0,8.0,1.0,1.0,2.0
0.15074265229553413,0.1696120449763744,-3.2995715600087,30.0,8.0,1.0,1.0,4.0
0.1296404839341882,0.1473410134163931,-1.663843825891432,30.0,8.0,1.0,1.0,6.0
0.1712425550604903,0.19470209359783644,-6.155004159302401,30.0,8.0,1.0,1.0,8.0
0.4300809660340392,0.44056088130923743,-18.42648933812531,30.0,8.0,1.0,1.0,9.0
0.2848532743041757,0.30216486254372527,-19.229247614645114,30.0,8.0,2.0,2.0,2.0
0.419103730994964,0.42581801765507077,-26.000297098388167,30.0,8.0,2.0,2.0,4.0
0.5140531141345742,0.5181451368250424,-13.301462478300884,30.0,8.0,2.0,2.0,6.0
0.06585165292441762,0.09626068587987273,-0.687656791497113,30.0,8.0,2.0,2.0,8.0
0.29958745835076206,0.3355792324782655,-25.161111634458965,30.0,8.0,2.0,2.0,9.0
0.4026947838847879,0.4193676360936207,-70.0165789503313,30.0,8.0,3.0,3.0,2.0
0.5032603536829395,0.5099218835317909,-21.18153262818605,30.0,8.0,3.0,3.0,4.0
0.5121654964273217,0.5541827870741168,-25.31172495130309,30.0,8.0,3.0,3.0,6.0
0.3563313397551619,0.3645119520324588,-5.063316447749404,30.0,8.0,3.0,3.0,8.0
0.08766101871664671,0.10852214848396037,-0.4390560497107776,30.0,8.0,3.0,3.0,9.0
0.18474558023463122,0.19300059191569438,-2.1982234715738582,30.0,8.0,4.0,4.0,2.0
0.45680619883388707,0.5149223796982202,-13.092531172197743,30.0,8.0,4.0,4.0,4.0
0.054991815683057145,0.0734523644201785,0.24966816935557445,30.0,8.0,4.0,4.0,6.0
0.06747772297856755,0.09259983242794334,-0.009570026429696066,30.0,8.0,4.0,4.0,8.0
0.09583752102639516,0.11188506770768607,-0.26548377224255626,30.0,8.0,4.0,4.0,9.0
0.5173063372358723,0.5308843723092199,-11.224908955939968,30.0,8.0,5.0,5.0,2.0
0.266885479170585,0.37113582905667625,-7.016608984332768,30.0,8.0,5.0,5.0,4.0
0.07940415298616689,0.10419828765708916,-1.3524994987514307,30.0,8.0,5.0,5.0,6.0
0.06468826857519436,0.08140802121644038,0.2659363728685944,30.0,8.0,5.0,5.0,8.0
0.07588377394551327,0.09101699481805171,0.3501349451686474,30.0,8.0,5.0,5.0,9.0
0.19851892320166462,0.20827848956208367,-0.7851199392698047,30.0,8.0,6.0,6.0,2.0
0.07473987587509556,0.09284303870305326,0.19556768431794525,30.0,8.0,6.0,6.0,4.0
0.13269960590055022,0.13908807738281065,-0.48057362651204416,30.0,8.0,6.0,6.0,6.0
0.0455398793509236,0.0553404227942818,0.7582699098754442,30.0,8.0,6.0,6.0,8.0
0.09996322762967895,0.1319237704706606,-4.65839019413877,30.0,8.0,6.0,6.0,9.0
0.05253003455553962,0.062213880768212104,0.6436341311017155,30.0,8.0,7.0,7.0,2.0
0.08789021498354128,0.10911194939475866,-0.6288414338342909,30.0,8.0,7.0,7.0,4.0
0.05882441835954302,0.07147483528202017,0.4611861262696677,30.0,8.0,7.0,7.0,6.0
0.0743961238433084,0.0935530866031317,-0.1177627412735538,30.0,8.0,7.0,7.0,8.0
0.06890199306783645,0.08348700857180759,-0.14817890337792372,30.0,8.0,7.0,7.0,9.0
0.29424880184581315,0.304747340619933,-6.70630743355613,30.0,9.0,1.0,1.0,2.0
0.21878449100107383,0.226750074415208,-3.923006557351153,30.0,9.0,1.0,1.0,4.0
0.15436136432340178,0.17843524248642756,-4.837069759574175,30.0,9.0,1.0,1.0,6.0
0.40702005791515544,0.4148197215930505,-20.918961062607238,30.0,9.0,1.0,1.0,8.0
0.2398861213311596,0.2871407017966177,-41.65251464398665,30.0,9.0,1.0,1.0,9.0
0.12818203516652615,0.14556745985741562,-1.0414233862092104,30.0,9.0,2.0,2.0,2.0
0.47288808870166976,0.4819148424048443,-41.00954397122059,30.0,9.0,2.0,2.0,4.0
0.4189952447796904,0.4237465384410816,-14.406555724891094,30.0,9.0,2.0,2.0,6.0
0.1044524582055637,0.1273019155587773,-1.2674669975275878,30.0,9.0,2.0,2.0,8.0
0.38016061274062035,0.412439230491483,-58.215726122574786,30.0,9.0,2.0,2.0,9.0
0.23612503695339393,0.24534706852738322,-3.771634446471844,30.0,9.0,3.0,3.0,2.0
0.2914790373827063,0.2950644492926643,-3.896985673765937,30.0,9.0,3.0,3.0,4.0
0.16120553084065947,0.20943567186941936,-23.07291608016747,30.0,9.0,3.0,3.0,6.0
0.36424940415074863,0.39196611038119655,-50.20601061007884,30.0,9.0,3.0,3.0,8.0
0.11532245482986421,0.1532370261057368,-5.397670984204785,30.0,9.0,3.0,3.0,9.0
0.3548970440809968,0.3607788302996587,-12.57362576690265,30.0,9.0,4.0,4.0,2.0
0.2713032927895629,0.27773636731432333,-6.28331373298772,30.0,9.0,4.0,4.0,4.0
0.07426595055170752,0.09943702561839958,-0.5404424331195512,30.0,9.0,4.0,4.0,6.0
0.11575166690200997,0.13362838743980332,-1.1021729049414883,30.0,9.0,4.0,4.0,8.0
0.05136041042545431,0.05923853284743518,0.6633867565091212,30.0,9.0,4.0,4.0,9.0
0.4555662539387786,0.4588977852819592,-17.862160149586472,30.0,9.0,5.0,5.0,2.0
0.08396821407402737,0.11206401186571281,-2.070792665485222,30.0,9.0,5.0,5.0,4.0
0.07437986438851563,0.08899542160437594,0.392344386685762,30.0,9.0,5.0,5.0,6.0
0.04864044951385447,0.05993750488311384,0.679176407566092,30.0,9.0,5.0,5.0,8.0
0.09828356184834529,0.12028210048750719,-0.9168458834377577,30.0,9.0,5.0,5.0,9.0
0.3761875453377807,0.41644771771049255,-35.90573298440719,30.0,9.0,6.0,6.0,2.0
0.06277191093863477,0.07884165959664478,0.5351757805951716,30.0,9.0,6.0,6.0,4.0
0.08458353682992846,0.10894876634799758,-0.8369959833737111,30.0,9.0,6.0,6.0,6.0
0.0841769046653002,0.10534228783441846,-0.4527126967172286,30.0,9.0,6.0,6.0,8.0
0.06572361514825434,0.08216963759789248,0.4023408131437115,30.0,9.0,6.0,6.0,9.0
0.15810253647814623,0.1845947419240161,-3.9648359156246986,30.0,9.0,7.0,7.0,2.0
0.054650239454403435,0.06502597762573291,0.544093242972155,30.0,9.0,7.0,7.0,4.0
0.06060110308085395,0.0736255435206111,0.38949367919671884,30.0,9.0,7.0,7.0,6.0
0.08211495086178774,0.10281210511375086,-0.38336028785471643,30.0,9.0,7.0,7.0,8.0
0.12960400092453195,0.14571851139774333,-1.4128323801085365,30.0,9.0,7.0,7.0,9.0
0.20527903167258135,0.21880968113281823,-5.3902643254820415,30.0,10.0,1.0,1.0,2.0
0.19699410227785938,0.22634067943297642,-10.209647702372328,30.0,10.0,1.0,1.0,4.0
0.10646033305202214,0.1368585729023293,-2.7857811156802574,30.0,10.0,1.0,1.0,6.0
0.1588913453405145,0.1724228579423475,-2.6428973983827397,30.0,10.0,1.0,1.0,8.0
0.3522883115991993,0.3606071644191752,-12.149797110321153,30.0,10.0,1.0,1.0,9.0
0.28405115532726477,0.3121480617537073,-60.320324747963674,30.0,10.0,2.0,2.0,2.0
0.09293522842576538,0.11844212343614757,-0.7562573208538477,30.0,10.0,2.0,2.0,4.0
0.3236519342447364,0.35572262397977233,-12.509681224454846,30.0,10.0,2.0,2.0,6.0
0.333826430418595,0.3381860508914424,-9.325234488507364,30.0,10.0,2.0,2.0,8.0
0.26202039686690204,0.309434688861142,-59.69100570956902,30.0,10.0,2.0,2.0,9.0
0.148069059330726,0.17028846404109774,-4.145864547159608,30.0,10.0,3.0,3.0,2.0
0.16424623258760007,0.19181442286104244,-9.65146229407277,30.0,10.0,3.0,3.0,4.0
0.4610327935998682,0.4759026166490962,-19.847986497053522,30.0,10.0,3.0,3.0,6.0
0.11087068307251167,0.12696660893620598,-0.7948987122867397,30.0,10.0,3.0,3.0,8.0
0.1345140539392872,0.15199846586424345,-1.7293929023222523,30.0,10.0,3.0,3.0,9.0
0.29320198682795395,0.30266409600547395,-10.60296095729342,30.0,10.0,4.0,4.0,2.0
0.14614163446277809,0.16099991423215182,-1.9613905004876773,30.0,10.0,4.0,4.0,4.0
0.14501220353295835,0.17886449155742312,-11.428804036661914,30.0,10.0,4.0,4.0,6.0
0.09033796305854376,0.10982412174596874,-0.394906609342192,30.0,10.0,4.0,4.0,8.0
0.11063223429372343,0.12280051915820923,-0.28776374982016484,30.0,10.0,4.0,4.0,9.0
0.23236396598667336,0.30710264072151744,-19.22078453323039,30.0,10.0,5.0,5.0,2.0
0.06865320212541863,0.0896208698751174,-0.06118288836156527,30.0,10.0,5.0,5.0,4.0
0.04891364396993812,0.06705987812991028,0.5789527398881888,30.0,10.0,5.0,5.0,6.0
0.11113948333114815,0.12653630629844714,-0.6125357286385791,30.0,10.0,5.0,5.0,8.0
0.04651697479861547,0.05475866782905929,0.7971521459431405,30.0,10.0,5.0,5.0,9.0
0.11695642943580206,0.1526117261629495,-6.866959942571458,30.0,10.0,6.0,6.0,2.0
0.11025461232065416,0.13622260655944826,-2.2390325885016242,30.0,10.0,6.0,6.0,4.0
0.07413190338761518,0.09626819560653718,-0.17513000980045446,30.0,10.0,6.0,6.0,6.0
0.17947910614659818,0.20033625050229914,-4.833381137556019,30.0,10.0,6.0,6.0,8.0
0.09266585993617672,0.11334573164998638,-0.470480646787514,30.0,10.0,6.0,6.0,9.0
0.13074290422449938,0.14524497510140977,-1.4572993572926336,30.0,10.0,7.0,7.0,2.0
0.09745001609523352,0.11711362126305398,-0.567454328612562,30.0,10.0,7.0,7.0,4.0
0.0682926453044609,0.08235797960427026,0.23378236658665663,30.0,10.0,7.0,7.0,6.0
0.05320579884793897,0.06682403340283635,0.4939727349737866,30.0,10.0,7.0,7.0,8.0
0.07820959360089794,0.0938436286423282,0.22460058222562662,30.0,10.0,7.0,7.0,9.0
0.2665932044173323,0.2745970342496657,-2.3638064526297486,50.0,1.0,1.0,1.0,2.0
0.585540933885678,0.5957175968686066,-9.075676758102409,50.0,1.0,1.0,1.0,4.0
0.06025876459296445,0.08290640088421874,-0.10840440085426462,50.0,1.0,1.0,1.0,6.0
0.10015441236975657,0.13287477168821343,-2.977128077513368,50.0,1.0,1.0,1.0,8.0
0.07291674772980478,0.10342175190603631,-0.7183274919773872,50.0,1.0,1.0,1.0,9.0
0.1349790438796126,0.16277139307321287,-5.6783756108528625,50.0,1.0,2.0,2.0,2.0
0.13311931726084045,0.18496267205974937,-58.10432372131619,50.0,1.0,2.0,2.0,4.0
0.07367019765466239,0.09800400063116826,-0.37124850790123176,50.0,1.0,2.0,2.0,6.0
0.10327624068388948,0.1420475508590601,-5.082388383185593,50.0,1.0,2.0,2.0,8.0
0.0655819348066212,0.09001582793514068,-0.16382254539916596,50.0,1.0,2.0,2.0,9.0
0.09350171468259802,0.11708067160230001,-4.198348758979164,50.0,1.0,3.0,3.0,2.0
0.18459342209349505,0.1889005990756011,-0.5857172681823908,50.0,1.0,3.0,3.0,4.0
0.09555361676929178,0.12294314181034914,-0.8779813487458545,50.0,1.0,3.0,3.0,6.0
0.07426879831371708,0.09156742842477268,0.16127736314828933,50.0,1.0,3.0,3.0,8.0
0.09429135478806686,0.11639326919752949,-0.8561601323978671,50.0,1.0,3.0,3.0,9.0
0.4642325296784483,0.46551269949865354,-5.99540621720646,50.0,1.0,4.0,4.0,2.0
0.14002393491914306,0.146024986144153,-0.5214919159148796,50.0,1.0,4.0,4.0,4.0
0.07914805505039486,0.0942899577515492,0.23667582775940865,50.0,1.0,4.0,4.0,6.0
0.0770264328300211,0.10355950026706012,-0.8524619705495813,50.0,1.0,4.0,4.0,8.0
0.1022136105620377,0.12427859900326146,-1.0229461951172425,50.0,1.0,4.0,4.0,9.0
0.13909442849805387,0.1495290571410219,-1.0395036815483563,50.0,1.0,5.0,5.0,2.0
0.06253221619125299,0.07242127665693004,0.6691591029203336,50.0,1.0,5.0,5.0,4.0
0.06046532731004227,0.07298598346455096,0.597619098407557,50.0,1.0,5.0,5.0,6.0
0.13064589289675585,0.14437420200485077,-1.0431437628655749,50.0,1.0,5.0,5.0,8.0
0.07579876434703284,0.09603825739269405,-0.5650371214231662,50.0,1.0,5.0,5.0,9.0
0.11826312470287514,0.13598930973205856,-1.2667466793614954,50.0,1.0,6.0,6.0,2.0
0.05859504465254676,0.07557040143036518,0.28180892235491395,50.0,1.0,6.0,6.0,4.0
0.09544966030996949,0.11722043903122138,-0.8355103461253872,50.0,1.0,6.0,6.0,6.0
0.10094059076364571,0.12991411492326913,-2.6339494717003924,50.0,1.0,6.0,6.0,8.0
0.06092955364865198,0.07859916221861013,0.28149061620447835,50.0,1.0,6.0,6.0,9.0
0.3276752117062651,0.3358344204154613,-2.720797667600915,50.0,1.0,7.0,7.0,2.0
0.06453688290176546,0.07898620589223607,0.3309238649369801,50.0,1.0,7.0,7.0,4.0
0.09296968520099538,0.12146979266038635,-2.313511441065009,50.0,1.0,7.0,7.0,6.0
0.11904856342710772,0.16403904252886062,-37.78506368420052,50.0,1.0,7.0,7.0,8.0
0.07818298689917919,0.09729127254777586,-1.496280836932009,50.0,1.0,7.0,7.0,9.0
0.2483879571939551,0.30243339936349134,-41.64336946269949,50.0,2.0,1.0,1.0,2.0
0.5361442524974588,0.5382269074115705,-10.18742959670122,50.0,2.0,1.0,1.0,4.0
0.0656249518063704,0.09590055255054698,-0.544048869025648,50.0,2.0,1.0,1.0,6.0
0.24840333260943925,0.30370662767124457,-41.930480880114246,50.0,2.0,1.0,1.0,8.0
0.3117070280298634,0.3177043336096496,-9.883952073558904,50.0,2.0,1.0,1.0,9.0
0.09821628121386404,0.10946448455561616,0.017469146908024702,50.0,2.0,2.0,2.0,2.0
0.24588511812538338,0.26193227475990244,-13.946875132814236,50.0,2.0,2.0,2.0,4.0
0.10042874273444663,0.13438734173830758,-3.2757564790406173,50.0,2.0,2.0,2.0,6.0
0.1750247411713047,0.1889693465525436,-2.600603820325267,50.0,2.0,2.0,2.0,8.0
0.07927764906231881,0.10791206177011328,-1.2469246891494357,50.0,2.0,2.0,2.0,9.0
0.36253618585914804,0.36860436229228655,-8.961172667313216,50.0,2.0,3.0,3.0,2.0
0.06298765490067769,0.09310958342962186,-0.5709168968167246,50.0,2.0,3.0,3.0,4.0
0.11097530710548592,0.1257170091731826,-0.6380750552520837,50.0,2.0,3.0,3.0,6.0
0.06950784101819346,0.08649113506399804,0.4530807995410412,50.0,2.0,3.0,3.0,8.0
0.3594896532878323,0.36259019542654464,-4.0065523687568065,50.0,2.0,3.0,3.0,9.0
0.06248667958755621,0.08982837930556271,-0.499408890514897,50.0,2.0,4.0,4.0,2.0
0.3452941700602614,0.3497285516195347,-9.887868190765325,50.0,2.0,4.0,4.0,4.0
0.04930435480427236,0.06514926787953525,0.5328113445729044,50.0,2.0,4.0,4.0,6.0
0.08252066821351804,0.10815299608247718,-1.0232852459839195,50.0,2.0,4.0,4.0,8.0
0.08321256426966282,0.09864103588017359,0.1162590099409978,50.0,2.0,4.0,4.0,9.0
0.06053686872389434,0.0765105675342025,0.06922723572683143,50.0,2.0,5.0,5.0,2.0
0.10060525640485674,0.1300294748511513,-2.658788553762186,50.0,2.0,5.0,5.0,4.0
0.08360674657696772,0.10218522213724876,0.1734904989604964,50.0,2.0,5.0,5.0,6.0
0.0760529427454171,0.09235002657936363,0.157033671207793,50.0,2.0,5.0,5.0,8.0
0.06759652986377214,0.08341249589268887,0.3842232303652978,50.0,2.0,5.0,5.0,9.0
0.6613419366662744,0.6661379220941965,-32.21973946408872,50.0,2.0,6.0,6.0,2.0
0.12860318251302275,0.13744720716557923,-0.4036865981279889,50.0,2.0,6.0,6.0,4.0
0.06687699798735512,0.08537128434283976,-0.10561721761545595,50.0,2.0,6.0,6.0,6.0
0.10064515380919262,0.11844571113294784,-0.3817920909866974,50.0,2.0,6.0,6.0,8.0
0.1694031761869831,0.18897638964028907,-5.353981531379055,50.0,2.0,6.0,6.0,9.0
0.0428865743924384,0.056841071448958065,0.6984313977450245,50.0,2.0,7.0,7.0,2.0
0.07350902363286015,0.09149548273557831,0.05192383154966562,50.0,2.0,7.0,7.0,4.0
0.10980066807895474,0.13579287286544614,-1.8255335031486215,50.0,2.0,7.0,7.0,6.0
0.09905726353739318,0.13096961846503963,-3.861822200014368,50.0,2.0,7.0,7.0,8.0
0.10323933089413236,0.13284791291064102,-2.7975400893109126,50.0,2.0,7.0,7.0,9.0
0.4047364762211883,0.4267636423778196,-59.25292642985179,50.0,4.0,1.0,1.0,2.0
0.5771180577859325,0.5936619347468424,-4.242441215568712,50.0,4.0,1.0,1.0,4.0
0.44202867078632563,0.4484410134480063,-28.535179317861065,50.0,4.0,1.0,1.0,6.0
0.5277819299484335,0.5381072197882297,-32.851935775979406,50.0,4.0,1.0,1.0,8.0
0.4942852313106301,0.5295508923050593,-28.49101037834642,50.0,4.0,1.0,1.0,9.0
0.275086441018685,0.30331933617882323,-51.0430771344341,50.0,4.0,2.0,2.0,2.0
0.20010270901372465,0.22404251849501844,-6.87530813175223,50.0,4.0,2.0,2.0,4.0
0.42739455171277557,0.44304431342940703,-44.11624449599399,50.0,4.0,2.0,2.0,6.0
0.2422843065644347,0.2673459308174371,-21.994362679853605,50.0,4.0,2.0,2.0,8.0
0.21681435135851734,0.22926803506864243,-6.83782950359052,50.0,4.0,2.0,2.0,9.0
0.2672568473006331,0.27124034925897583,-4.137067076599155,50.0,4.0,3.0,3.0,2.0
0.2381744241500937,0.24710039435461875,-1.884864582999204,50.0,4.0,3.0,3.0,4.0
0.09175168283776533,0.10800962821880322,-0.07362657520461058,50.0,4.0,3.0,3.0,6.0
0.06892438168874596,0.08530062114286951,0.3073314209874983,50.0,4.0,3.0,3.0,8.0
0.06556920094467769,0.08235497475728466,0.009680579000309164,50.0,4.0,3.0,3.0,9.0
0.26857381510585976,0.2719585150666984,-4.1124447943214655,50.0,4.0,4.0,4.0,2.0
0.07218784296284338,0.09550449349606832,-0.6903420406833198,50.0,4.0,4.0,4.0,4.0
0.09780910221731753,0.11482786791035618,-0.3727780347033369,50.0,4.0,4.0,4.0,6.0
0.14687906461805536,0.15333608340483065,-0.3484054437670012,50.0,4.0,4.0,4.0,8.0
0.11842669395457141,0.1417392554304258,-2.45560396147963,50.0,4.0,4.0,4.0,9.0
0.07575048177731762,0.09456650363227692,0.049563181487534136,50.0,4.0,5.0,5.0,2.0
0.16885060576449268,0.179497356091733,-2.06936839893354,50.0,4.0,5.0,5.0,4.0
0.11655417946825854,0.13513788932838258,-1.3047969436175317,50.0,4.0,5.0,5.0,6.0
0.06527386334848691,0.08284300568474916,0.18541407325083137,50.0,4.0,5.0,5.0,8.0
0.14503793148051136,0.1647509022528676,-3.6835608987824084,50.0,4.0,5.0,5.0,9.0
0.2395305866782907,0.2848843773050392,-90.88183479190725,50.0,4.0,6.0,6.0,2.0
0.07832443555099358,0.09825318484631371,-0.19067166622395693,50.0,4.0,6.0,6.0,4.0
0.19193402715375454,0.2157745507250134,-8.141952457144713,50.0,4.0,6.0,6.0,6.0
0.05354760410542446,0.06793207555019963,0.4865382104214223,50.0,4.0,6.0,6.0,8.0
0.1419386016115589,0.1590955556051982,-2.554431714407344,50.0,4.0,6.0,6.0,9.0
0.10886043496778043,0.12861733762871347,-1.163529942644245,50.0,4.0,7.0,7.0,2.0
0.05759337339204446,0.07358224786175148,0.4105992456933444,50.0,4.0,7.0,7.0,4.0
0.06852481936188577,0.08801095394831047,0.10817846336126058,50.0,4.0,7.0,7.0,6.0
0.09993131946889389,0.1222175183972501,-0.8101429919746801,50.0,4.0,7.0,7.0,8.0
0.11074197045334008,0.13955376777878603,-3.0040362900763853,50.0,4.0,7.0,7.0,9.0
0.4099725978359623,0.4141757473970483,-4.540610612762191,50.0,6.0,1.0,1.0,2.0
0.287138746458793,0.29183054824297044,-1.7900696397859286,50.0,6.0,1.0,1.0,4.0
0.6374959592804356,0.6406101666266387,-10.263784077264027,50.0,6.0,1.0,1.0,6.0
0.60608694104205,0.6247915062831477,-27.872558864391134,50.0,6.0,1.0,1.0,8.0
0.6038688751841628,0.6132866648350724,-24.385744878756004,50.0,6.0,1.0,1.0,9.0
0.48792724597305487,0.5017188650694919,-37.71146860355115,50.0,6.0,2.0,2.0,2.0
0.11248772600430729,0.13404165507085603,-0.8358808814161671,50.0,6.0,2.0,2.0,4.0
0.5544282892132841,0.5558160671801016,-11.053369873751876,50.0,6.0,2.0,2.0,6.0
0.2613723779504541,0.2735998518183107,-9.92728597215489,50.0,6.0,2.0,2.0,8.0
0.06340053260563193,0.07688924982219322,0.021613395083107223,50.0,6.0,2.0,2.0,9.0
0.3707888339743061,0.37255719754847955,-6.549816445244543,50.0,6.0,3.0,3.0,2.0
0.40378801492701405,0.40994264070707487,-17.271754123260973,50.0,6.0,3.0,3.0,4.0
0.16264764058441353,0.16695824104699886,-0.7268967900784669,50.0,6.0,3.0,3.0,6.0
0.12347039945771726,0.13874587273548072,-0.6481042185000574,50.0,6.0,3.0,3.0,8.0
0.06303635136499203,0.08028091351505079,0.043699196341270174,50.0,6.0,3.0,3.0,9.0
0.22381020573626392,0.23718017053123844,-8.751853962433648,50.0,6.0,4.0,4.0,2.0
0.13203139213572376,0.14620521842716608,-1.4103778705044467,50.0,6.0,4.0,4.0,4.0
0.3165904147212747,0.3357886222883716,-26.740428738617656,50.0,6.0,4.0,4.0,6.0
0.13171029198021125,0.14412212521080559,-0.8745643758628752,50.0,6.0,4.0,4.0,8.0
0.06885051965616733,0.08971888934370056,-0.0008311882387461722,50.0,6.0,4.0,4.0,9.0
0.10436478066440515,0.1265755395948358,-1.3181399077202522,50.0,6.0,5.0,5.0,2.0
0.3689362873420163,0.39276399105565735,-175.86979747641823,50.0,6.0,5.0,5.0,4.0
0.06936133896048217,0.08432938799156986,0.4019221216887642,50.0,6.0,5.0,5.0,6.0
0.08856129717828583,0.1115025255129713,-1.0590962310584593,50.0,6.0,5.0,5.0,8.0
0.09827254879326058,0.11310799037868119,-0.1609812917440625,50.0,6.0,5.0,5.0,9.0
0.6267751104419472,0.6468299815843186,-6.654622812740795,50.0,6.0,6.0,6.0,2.0
0.10816945103655688,0.1281596643893783,-1.171125015201358,50.0,6.0,6.0,6.0,4.0
0.0764986217945092,0.0929504586171815,0.18624100085192163,50.0,6.0,6.0,6.0,6.0
0.06185714976205624,0.07274860354897443,0.3781921343978182,50.0,6.0,6.0,6.0,8.0
0.1333452509626789,0.1572315626763702,-3.0306735349269776,50.0,6.0,6.0,6.0,9.0
0.28784929005156396,0.31330008735451176,-42.8411192826767,50.0,6.0,7.0,7.0,2.0
0.08570443054013976,0.10824087329306291,-0.8419227352978413,50.0,6.0,7.0,7.0,4.0
0.09328107535418051,0.11538961277770059,0.25770374257961937,50.0,6.0,7.0,7.0,6.0
0.09701991188377573,0.1071661119166959,0.2095040998990273,50.0,6.0,7.0,7.0,8.0
0.05264083236131743,0.0628485652157424,0.5840939459272037,50.0,6.0,7.0,7.0,9.0
0.5318615899269822,0.5395179051830915,-4.786356144788543,50.0,8.0,1.0,1.0,2.0
0.5788208028460585,0.5833580767270093,-8.957765169948058,50.0,8.0,1.0,1.0,4.0
0.17908997404426766,0.2339981353335557,-15.891447912524683,50.0,8.0,1.0,1.0,6.0
0.4718736500327829,0.47424217935005913,-11.946346763077472,50.0,8.0,1.0,1.0,8.0
0.6570305955196463,0.6613221517720744,-25.108348153080147,50.0,8.0,1.0,1.0,9.0
0.5525940446838778,0.5571851907977515,-11.163200442355876,50.0,8.0,2.0,2.0,2.0
0.6218631216670119,0.6228986726585081,-16.23932734964901,50.0,8.0,2.0,2.0,4.0
0.28380401122421456,0.29299333243165404,-11.739676285758488,50.0,8.0,2.0,2.0,6.0
0.36941421844413314,0.37754391528532805,-11.764782308507858,50.0,8.0,2.0,2.0,8.0
0.4463394718155309,0.4498351139535334,-16.87446083404239,50.0,8.0,2.0,2.0,9.0
0.4649438034281177,0.4666562317938254,-12.445137812245784,50.0,8.0,3.0,3.0,2.0
0.6985698730533364,0.7048772599791349,-55.65597428527242,50.0,8.0,3.0,3.0,4.0
0.8550054397965513,0.8620226605283023,-55.15340932348422,50.0,8.0,3.0,3.0,6.0
0.09055974394765391,0.1129681415989929,-0.7358206088212609,50.0,8.0,3.0,3.0,8.0
0.3900180009787324,0.4038721877786845,-18.0634911196707,50.0,8.0,3.0,3.0,9.0
0.43353040643384494,0.4405036427188785,-27.252052742192188,50.0,8.0,4.0,4.0,2.0
0.08910914190461669,0.10423112120103961,-0.06283172283202498,50.0,8.0,4.0,4.0,4.0
0.11455574202388955,0.12482609896708612,-0.275493230301846,50.0,8.0,4.0,4.0,6.0
0.06890958245692361,0.08633214045322854,0.2796719534469101,50.0,8.0,4.0,4.0,8.0
0.995464814979339,0.9998792569910296,-21.64124599946172,50.0,8.0,4.0,4.0,9.0
0.12297411350260608,0.14026922880921064,-1.5002428914059203,50.0,8.0,5.0,5.0,2.0
0.13490356810739074,0.14477277760341525,-0.6476296157501533,50.0,8.0,5.0,5.0,4.0
0.11764862939835648,0.1434944555298139,-2.403932291595722,50.0,8.0,5.0,5.0,6.0
0.0928899444964954,0.11323669436333308,-0.5875074718265585,50.0,8.0,5.0,5.0,8.0
0.07146621096953867,0.08415051903250523,-0.3177726120617894,50.0,8.0,5.0,5.0,9.0
0.09551047054777975,0.10506771121695954,0.6578379100943849,50.0,8.0,6.0,6.0,2.0
0.08045085358836257,0.09790373294711947,0.12235830777627521,50.0,8.0,6.0,6.0,4.0
0.08488055021253124,0.10396526414862338,-0.23254728263258118,50.0,8.0,6.0,6.0,6.0
0.07654908368282248,0.09521089834421777,-0.0030604958828277518,50.0,8.0,6.0,6.0,8.0
0.19308324046781095,0.2040349875403099,-1.8446976230543286,50.0,8.0,6.0,6.0,9.0
0.14102696088801256,0.14864529101340068,-0.6952829229173922,50.0,8.0,7.0,7.0,2.0
0.07554879722351344,0.10222179380587446,-0.7646751890417569,50.0,8.0,7.0,7.0,4.0
0.1308085043018106,0.14071285282664234,-0.590193512791505,50.0,8.0,7.0,7.0,6.0
0.08696538715467807,0.10954127980769454,-1.146195446497368,50.0,8.0,7.0,7.0,8.0
0.1153627628596729,0.1402674318785564,-2.313678297007686,50.0,8.0,7.0,7.0,9.0
0.28946673361311787,0.29613623667072625,-6.899706618853196,50.0,9.0,1.0,1.0,2.0
0.3087613358880126,0.3117875885664054,-6.283792279373983,50.0,9.0,1.0,1.0,4.0
0.33110626794745956,0.341848608009589,-16.292389529069588,50.0,9.0,1.0,1.0,6.0
0.5355087894981149,0.5362482299710463,-12.854068822531582,50.0,9.0,1.0,1.0,8.0
0.5097455395047906,0.5144765582060208,-4.956611243721381,50.0,9.0,1.0,1.0,9.0
0.4004256694302006,0.40682826260327437,-16.49615519217572,50.0,9.0,2.0,2.0,2.0
0.3978878527666175,0.39857421652830627,-6.298989561676358,50.0,9.0,2.0,2.0,4.0
0.6495253059054457,0.6664715558994401,-103.03668283354311,50.0,9.0,2.0,2.0,6.0
0.5637708422328077,0.5749563931580619,-49.99893036075218,50.0,9.0,2.0,2.0,8.0
0.33511291789859965,0.3632823848406616,-33.101168604793635,50.0,9.0,2.0,2.0,9.0
0.30306579150607615,0.33418240958850876,-17.456194682441662,50.0,9.0,3.0,3.0,2.0
0.4114488737568302,0.4133223056531819,-9.592093866970925,50.0,9.0,3.0,3.0,4.0
0.2501451946084741,0.26635260656926796,-12.91254781805465,50.0,9.0,3.0,3.0,6.0
0.37043236382653744,0.3846404968861485,-25.366663368803277,50.0,9.0,3.0,3.0,8.0
0.23516662486245665,0.2659484804048197,-23.853799805507087,50.0,9.0,3.0,3.0,9.0
0.46709853855620254,0.4688758256787032,-11.439009063572213,50.0,9.0,4.0,4.0,2.0
0.46658303338140683,0.46855193328615885,-10.334135293388542,50.0,9.0,4.0,4.0,4.0
0.10022625492996218,0.11397012264924587,-0.13556837806632305,50.0,9.0,4.0,4.0,6.0
0.08097894248549968,0.09983113328626941,-0.02142534528654272,50.0,9.0,4.0,4.0,8.0
0.156129184938795,0.2683715287645926,-0.2399231454351376,50.0,9.0,4.0,4.0,9.0
0.5644929391925576,0.5677932552778472,-24.330698141799147,50.0,9.0,5.0,5.0,2.0
0.05826569198208768,0.0694053215819629,0.5721095917631286,50.0,9.0,5.0,5.0,4.0
0.07178376543373301,0.08295239285616343,0.6057976010103698,50.0,9.0,5.0,5.0,6.0
0.0981878801828199,0.1261484365790766,-2.1194319734184783,50.0,9.0,5.0,5.0,8.0
0.041113353248496416,0.05315667347042611,0.770543271677794,50.0,9.0,5.0,5.0,9.0
0.11537388253063394,0.1370790516295846,-1.8747541629181677,50.0,9.0,6.0,6.0,2.0
0.2766349708820426,0.28005129782107013,-3.078426769617452,50.0,9.0,6.0,6.0,4.0
0.08459520029279564,0.1059957910204774,-0.48713106706891907,50.0,9.0,6.0,6.0,6.0
0.06254201597430066,0.07794380589610267,0.32763097420042886,50.0,9.0,6.0,6.0,8.0
0.12662873971313668,0.13955818040345394,-0.38485793123171685,50.0,9.0,6.0,6.0,9.0
0.6853627356673323,0.6921488454027601,-10.452997145323499,50.0,9.0,7.0,7.0,2.0
0.5616132512475096,0.5714713294954596,-61.326032957459454,50.0,9.0,7.0,7.0,4.0
0.06874013696813129,0.08804994349819514,0.1479806199039283,50.0,9.0,7.0,7.0,6.0
0.08021069018946049,0.09818181036416895,-0.30235046037302227,50.0,9.0,7.0,7.0,8.0
0.154141133505607,0.15929563226608442,-0.6558220451814769,50.0,9.0,7.0,7.0,9.0
0.5155746948505484,0.518645415028487,-13.945300865057636,50.0,10.0,1.0,1.0,2.0
0.37499565519740613,0.3787678484459608,-8.783681910345095,50.0,10.0,1.0,1.0,4.0
0.391211110630139,0.3971800547180467,-3.7684407219670266,50.0,10.0,1.0,1.0,6.0
0.46544033813327984,0.47424109909585954,-23.354378657636158,50.0,10.0,1.0,1.0,8.0
0.3250593315348072,0.33153296218462097,-11.029812104094434,50.0,10.0,1.0,1.0,9.0
0.6054009301250222,0.6087748141033611,-26.629923110733195,50.0,10.0,2.0,2.0,2.0
0.5573483742063287,0.5654966494970883,-28.066918007635238,50.0,10.0,2.0,2.0,4.0
0.5551545791611118,0.568122264643614,-4.96950980546307,50.0,10.0,2.0,2.0,6.0
0.48123745449235467,0.5570463626448346,-12.586329176948027,50.0,10.0,2.0,2.0,8.0
0.5247673957333011,0.5291642597591475,-32.304077193660866,50.0,10.0,2.0,2.0,9.0
0.19262051073561542,0.1996397186192294,-1.5498363382884204,50.0,10.0,3.0,3.0,2.0
0.8038190991466286,0.8085266664953331,-63.74834017524209,50.0,10.0,3.0,3.0,4.0
0.5304501084273102,0.5357545892462829,-38.42584069019637,50.0,10.0,3.0,3.0,6.0
0.45930608459165134,0.5842645300599685,-6.128784143895365,50.0,10.0,3.0,3.0,8.0
0.4057075381065452,0.549042527993134,-4.3346391976659095,50.0,10.0,3.0,3.0,9.0
0.37369628596157267,0.3775442557862877,-2.763019658346151,50.0,10.0,4.0,4.0,2.0
0.12259294418345325,0.1357914400421339,-0.8250647680779244,50.0,10.0,4.0,4.0,4.0
0.05650446126426641,0.06897874190741728,0.5739470976081003,50.0,10.0,4.0,4.0,6.0
0.11878308761974457,0.14391263737469306,-2.78743479553536,50.0,10.0,4.0,4.0,8.0
0.09512989022606898,0.11282925310739922,-0.32336662586253917,50.0,10.0,4.0,4.0,9.0
0.560741949258749,0.5652103247553599,-18.541116703732087,50.0,10.0,5.0,5.0,2.0
0.32513226963927777,0.3316919769265631,-3.681314363057073,50.0,10.0,5.0,5.0,4.0
0.07264510883293444,0.09506485654687499,-0.9542493682626465,50.0,10.0,5.0,5.0,6.0
0.04940347949610703,0.0635513846975674,0.5803737156008577,50.0,10.0,5.0,5.0,8.0
0.060104193423210536,0.0688670457812148,0.5255391322923062,50.0,10.0,5.0,5.0,9.0
0.6064247438098036,0.6089200062726984,-9.542178602590802,50.0,10.0,6.0,6.0,2.0
0.15345862376541328,0.16479849386460668,-1.5885717493132137,50.0,10.0,6.0,6.0,4.0
0.07222456959200192,0.0934169598728926,-0.22488763504582332,50.0,10.0,6.0,6.0,6.0
0.11812755234887633,0.13532199743059434,-1.086235906210784,50.0,10.0,6.0,6.0,8.0
0.1164114024935786,0.13493413031726983,-1.009442990442405,50.0,10.0,6.0,6.0,9.0
0.13237642911921374,0.1428495156439611,-0.8527821612041417,50.0,10.0,7.0,7.0,2.0
0.057163407118219364,0.07406242079233263,0.4798102942866368,50.0,10.0,7.0,7.0,4.0
0.07668310674986697,0.0936267009487509,0.12304263330417353,50.0,10.0,7.0,7.0,6.0
0.05346317369788012,0.06434010892685824,0.5235580572495987,50.0,10.0,7.0,7.0,8.0
0.07184656592211874,0.08605303849022415,0.3572440992004047,50.0,10.0,7.0,7.0,9.0
0.46811053621620363,0.47575541540396765,-3.3286470874442564,100.0,1.0,1.0,1.0,2.0
0.32805603581518367,0.3320622077577141,-2.4617999244263644,100.0,1.0,1.0,1.0,4.0
0.33726905890157255,0.3435815859532666,-2.124448291566879,100.0,1.0,1.0,1.0,6.0
0.3363396861935698,0.3622788671269314,-43.916814811464356,100.0,1.0,1.0,1.0,8.0
0.3256794544840895,0.3409393183388404,-8.735792234615475,100.0,1.0,1.0,1.0,9.0
0.39074478326092593,0.40296570932303594,-2.0270161351248857,100.0,1.0,2.0,2.0,2.0
0.2547716377958698,0.25754109422824173,-2.349518006460163,100.0,1.0,2.0,2.0,4.0
0.10105021912131994,0.12396918088507922,-1.2028967901708052,100.0,1.0,2.0,2.0,6.0
0.1180401250506484,0.12530615793490665,0.02585816953754161,100.0,1.0,2.0,2.0,8.0
0.12529794601450794,0.14229547091351008,-1.6263396581476042,100.0,1.0,2.0,2.0,9.0
0.5648486291155261,0.5737846796911018,-4.798152815284681,100.0,1.0,3.0,3.0,2.0
0.06559280451858794,0.07869106573202576,0.4399611734217378,100.0,1.0,3.0,3.0,4.0
0.05582617450801067,0.08749010497801547,-0.11166411088633832,100.0,1.0,3.0,3.0,6.0
0.10023096867253814,0.11384908490430959,-0.23141842922374067,100.0,1.0,3.0,3.0,8.0
0.1313685662334207,0.14800044713263222,-1.8019484855293473,100.0,1.0,3.0,3.0,9.0
0.21855197914292845,0.22749943158366143,-1.3702493883292237,100.0,1.0,4.0,4.0,2.0
0.06770578978288941,0.09950352613997626,-0.5959307367659077,100.0,1.0,4.0,4.0,4.0
0.08464774587735667,0.10559515258708928,-0.404601383905572,100.0,1.0,4.0,4.0,6.0
0.08873070715143569,0.10456962375797914,-0.08925815276955285,100.0,1.0,4.0,4.0,8.0
0.11715068129549853,0.13100036693487505,-0.7187359847718691,100.0,1.0,4.0,4.0,9.0
0.07538236928855359,0.10026722654843204,-0.2591107585339878,100.0,1.0,5.0,5.0,2.0
0.050550720407398206,0.06352385720479868,0.5578334141154269,100.0,1.0,5.0,5.0,4.0
0.117231919247413,0.13164760929105446,-0.8052339599321401,100.0,1.0,5.0,5.0,6.0
0.08215011420120784,0.10726589960415824,-1.3285028321344012,100.0,1.0,5.0,5.0,8.0
0.11691808132181994,0.1372192297116171,-1.5510185437681496,100.0,1.0,5.0,5.0,9.0
0.07307666301630526,0.09973840051281425,-0.7077392806449836,100.0,1.0,6.0,6.0,2.0
0.08148654892777749,0.10131572234927008,-0.18109926169460655,100.0,1.0,6.0,6.0,4.0
0.08948722128707161,0.11366460327243282,-1.043653404305668,100.0,1.0,6.0,6.0,6.0
0.15397890039136441,0.1687365036325879,-2.441024215165092,100.0,1.0,6.0,6.0,8.0
0.09126379975559225,0.11240077574476705,-0.5879649459069216,100.0,1.0,6.0,6.0,9.0
0.06407085660765933,0.08107101883459081,0.34617324333318766,100.0,1.0,7.0,7.0,2.0
0.06416986149995839,0.0807240544753752,-0.21667586468493338,100.0,1.0,7.0,7.0,4.0
0.0812071469104675,0.10540419817977792,-1.555139217760276,100.0,1.0,7.0,7.0,6.0
0.07362227576148941,0.09490474050632497,-0.13161109114063962,100.0,1.0,7.0,7.0,8.0
0.07144286560329088,0.09327908661626162,-0.19965156340559198,100.0,1.0,7.0,7.0,9.0
0.4822600105191314,0.5217208722963259,-1.4777448074132784,100.0,2.0,1.0,1.0,2.0
0.7608523927912159,0.7724937276601975,-7.036233368674621,100.0,2.0,1.0,1.0,4.0
0.33485475528091624,0.35393587753447703,-69.32579563672181,100.0,2.0,1.0,1.0,6.0
0.08883133620730077,0.11540614531313202,-0.5983287209711956,100.0,2.0,1.0,1.0,8.0
0.13560579685221547,0.14597579538517766,-0.917023570268686,100.0,2.0,1.0,1.0,9.0
0.0766003751659141,0.10907968009196829,0.12322336585428495,100.0,2.0,2.0,2.0,2.0
0.5910104464277668,0.6076014224645392,-141.30728676663847,100.0,2.0,2.0,2.0,4.0
0.44609770236264107,0.48742660903941937,-1.153546436012646,100.0,2.0,2.0,2.0,6.0
0.3877659653410359,0.4006322238489645,-44.10390370302062,100.0,2.0,2.0,2.0,8.0
0.16561299609989358,0.1851875797704674,-5.5762877907664095,100.0,2.0,2.0,2.0,9.0
0.44767510541131533,0.47160569324371643,-8.342992101129996,100.0,2.0,3.0,3.0,2.0
0.23695345310221547,0.2466244330793444,-6.808084907957059,100.0,2.0,3.0,3.0,4.0
0.17368206270387204,0.17943232615869373,-0.12118225694974405,100.0,2.0,3.0,3.0,6.0
0.05148627891730869,0.0668853487664237,0.45229775055878774,100.0,2.0,3.0,3.0,8.0
0.06921974312374812,0.09139587423661248,-0.12228340498718748,100.0,2.0,3.0,3.0,9.0
0.05928335756042429,0.0758255474982975,0.3624380483330425,100.0,2.0,4.0,4.0,2.0
0.28284664757897887,0.2848963591866449,-2.197209807623448,100.0,2.0,4.0,4.0,4.0
0.06730966361810196,0.08398807838549478,0.27832606203545784,100.0,2.0,4.0,4.0,6.0
0.0587395691758271,0.07376767625615319,0.20472473279245995,100.0,2.0,4.0,4.0,8.0
0.04772101058644188,0.06362310867923623,0.6672070973344321,100.0,2.0,4.0,4.0,9.0
0.14170390790930493,0.16598523255107894,-0.8709184930239147,100.0,2.0,5.0,5.0,2.0
0.12600308604886565,0.14160800629107523,-1.132645574399079,100.0,2.0,5.0,5.0,4.0
0.09264734454945814,0.11144739799319033,-0.38974578642477753,100.0,2.0,5.0,5.0,6.0
0.13692673472414843,0.15011149938324916,-1.344088239863137,100.0,2.0,5.0,5.0,8.0
0.06167211983007089,0.07992692934717145,0.061885612226633246,100.0,2.0,5.0,5.0,9.0
0.294688936351244,0.2973803823478358,-3.251197720767924,100.0,2.0,6.0,6.0,2.0
0.06310103575291821,0.07831389250738412,0.43049658294660464,100.0,2.0,6.0,6.0,4.0
0.12381162750572396,0.14031886843517258,-1.1951319588198475,100.0,2.0,6.0,6.0,6.0
0.07443410710598088,0.09319516341796179,-0.05480244069806006,100.0,2.0,6.0,6.0,8.0
0.06985180429517839,0.08803814842519879,-0.1303891989867556,100.0,2.0,6.0,6.0,9.0
0.08985707243695475,0.1179941319853385,-1.9344680836925634,100.0,2.0,7.0,7.0,2.0
0.09716185774858528,0.12073195479923542,-1.075003846777511,100.0,2.0,7.0,7.0,4.0
0.06657781571128794,0.08848642813424244,-0.14159765225828003,100.0,2.0,7.0,7.0,6.0
0.11397323566947667,0.1433788540731756,-3.576413253600534,100.0,2.0,7.0,7.0,8.0
0.09220391203916706,0.11588645158298697,-0.7878778652017342,100.0,2.0,7.0,7.0,9.0
0.591368062176808,0.6070251008563277,-4.4385430414941975,100.0,4.0,1.0,1.0,2.0
0.6271371603791955,0.6417454069610848,-4.4365217630243965,100.0,4.0,1.0,1.0,4.0
0.4598922501787587,0.4686090190380841,-29.378046377234938,100.0,4.0,1.0,1.0,6.0
0.5517366640552921,0.5600870377053327,-46.113916720336995,100.0,4.0,1.0,1.0,8.0
0.7094010858520908,0.715857458748429,-22.461419336167207,100.0,4.0,1.0,1.0,9.0
0.3915136552636865,0.39537295766303066,-9.826936538360087,100.0,4.0,2.0,2.0,2.0
0.5167691881244424,0.5226286511599337,-4.819705663812,100.0,4.0,2.0,2.0,4.0
0.3906028536741975,0.4050208249456831,-54.75254628551027,100.0,4.0,2.0,2.0,6.0
0.46508259920130596,0.4704028393309988,-15.71993351062736,100.0,4.0,2.0,2.0,8.0
0.3625118431235396,0.3679691571994419,-2.0997947798735592,100.0,4.0,2.0,2.0,9.0
0.7273457438533547,0.7354738024584274,-195.08616324055848,100.0,4.0,3.0,3.0,2.0
0.11892450369077641,0.17081313527368341,0.39719017612691887,100.0,4.0,3.0,3.0,4.0
0.07884869056797447,0.11640848782541101,-1.813954963822479,100.0,4.0,3.0,3.0,6.0
0.5272471986994189,0.531673441269885,-15.714049259294544,100.0,4.0,3.0,3.0,8.0
0.04882136340660292,0.0663187534021793,0.4876813219147138,100.0,4.0,3.0,3.0,9.0
0.4329833291754171,0.43825874099963963,-23.8871473176126,100.0,4.0,4.0,4.0,2.0
0.18259167380979094,0.19724876224111024,-2.582759150095997,100.0,4.0,4.0,4.0,4.0
0.16800775694698528,0.18787855770044953,-0.21671493233419126,100.0,4.0,4.0,4.0,6.0
0.054922494834968395,0.07354007042894872,0.40593098164634533,100.0,4.0,4.0,4.0,8.0
0.08394657821549013,0.10735801581715858,-0.5903315721286513,100.0,4.0,4.0,4.0,9.0
0.3739970837816639,0.3826682158584226,-13.352959428287566,100.0,4.0,5.0,5.0,2.0
0.046729825825046124,0.05912338607723544,0.642518287328376,100.0,4.0,5.0,5.0,4.0
0.08866717171679428,0.12168428849207867,-2.425473653599057,100.0,4.0,5.0,5.0,6.0
0.1591124265179081,0.1651305733007112,-0.32755272320198503,100.0,4.0,5.0,5.0,8.0
0.1764739977106495,0.18908335895290096,-3.490091234036175,100.0,4.0,5.0,5.0,9.0
0.07919099882916411,0.10183296570691928,-0.8905398277714331,100.0,4.0,6.0,6.0,2.0
0.04596211480660557,0.057338784338973894,0.7017301139092145,100.0,4.0,6.0,6.0,4.0
0.04213569563781379,0.053038722244665555,0.7588778244160537,100.0,4.0,6.0,6.0,6.0
0.07382528745800622,0.09384981607556571,0.0497561467414791,100.0,4.0,6.0,6.0,8.0
0.06904256033214219,0.09315812194767173,-0.2605375513327197,100.0,4.0,6.0,6.0,9.0
0.31741760847817296,0.3267244719284953,-11.360072572684793,100.0,4.0,7.0,7.0,2.0
0.11005765541505028,0.13070490919218647,-1.194232985732028,100.0,4.0,7.0,7.0,4.0
0.06687165720440517,0.07904141612747123,0.10777245417785275,100.0,4.0,7.0,7.0,6.0
0.07868348566907647,0.09504100917787954,0.2566219288878778,100.0,4.0,7.0,7.0,8.0
0.1136706482417059,0.1337781517966018,-2.278688592335928,100.0,4.0,7.0,7.0,9.0
0.4563933111016992,0.4598530889120503,-4.667741507357644,100.0,6.0,1.0,1.0,2.0
0.6131809825484994,0.6147884628158073,-11.089560433378637,100.0,6.0,1.0,1.0,4.0
0.6643482115651212,0.675976609415137,-136.90251699634752,100.0,6.0,1.0,1.0,6.0
0.34025905934821005,0.3523157424095187,-8.902158719122719,100.0,6.0,1.0,1.0,8.0
0.6342149517719987,0.6497522398881206,-5.384847636924793,100.0,6.0,1.0,1.0,9.0
0.4337989082718933,0.4403788129360119,-30.026739363538496,100.0,6.0,2.0,2.0,2.0
0.5682456031228148,0.5693563284649262,-16.258172702939817,100.0,6.0,2.0,2.0,4.0
0.3341875021442814,0.3353969423111934,-4.442629535014227,100.0,6.0,2.0,2.0,6.0
0.6358529602274341,0.6392743588851733,-48.37344895507388,100.0,6.0,2.0,2.0,8.0
0.6599702164317214,0.6636572582980835,-11.287984829494349,100.0,6.0,2.0,2.0,9.0
0.3697125859841747,0.3718024327232136,-7.2284929149547885,100.0,6.0,3.0,3.0,2.0
0.38219929047277007,0.3859758228178191,-9.734678572014445,100.0,6.0,3.0,3.0,4.0
0.35824217108736867,0.3612077562419881,-3.8775601237257886,100.0,6.0,3.0,3.0,6.0
0.12160329409291776,0.13360927542946194,-0.6987340992329338,100.0,6.0,3.0,3.0,8.0
0.11890307426386178,0.1409753814705196,-1.518936295523146,100.0,6.0,3.0,3.0,9.0
0.44584233013640284,0.4546193012835817,-3.2479317213085466,100.0,6.0,4.0,4.0,2.0
0.24845791367541187,0.2518634899484948,-1.616344591389295,100.0,6.0,4.0,4.0,4.0
0.14214965152591896,0.16517275921454277,-4.615453426928845,100.0,6.0,4.0,4.0,6.0
0.05419714469800893,0.0716114280597956,0.44337919569129824,100.0,6.0,4.0,4.0,8.0
0.12671187011252277,0.14464091102153737,-1.9204089882790587,100.0,6.0,4.0,4.0,9.0
0.5873329183245741,0.5991945775135649,-160.71904754225713,100.0,6.0,5.0,5.0,2.0
0.10129601972572198,0.12173727387689492,-0.7637077939840604,100.0,6.0,5.0,5.0,4.0
0.10344494092460564,0.12516615007377047,-1.1627355353220175,100.0,6.0,5.0,5.0,6.0
0.08826621228185544,0.10837356779350465,-1.1911606389180376,100.0,6.0,5.0,5.0,8.0
0.10277685215825683,0.12502865737960447,-0.9756410931237685,100.0,6.0,5.0,5.0,9.0
0.5034252099975987,0.5052552565696481,-13.67507160140083,100.0,6.0,6.0,6.0,2.0
0.08956143923444858,0.11574050484356697,-1.1860494978515708,100.0,6.0,6.0,6.0,4.0
0.183876832006876,0.2156934137996591,-27.047420074426363,100.0,6.0,6.0,6.0,6.0
0.058072636159350315,0.06981637395876386,0.553445748950054,100.0,6.0,6.0,6.0,8.0
0.07986699272102077,0.0984555401994745,-0.4266452801068479,100.0,6.0,6.0,6.0,9.0
0.0634725527731237,0.08978515315374955,-0.22391511062478675,100.0,6.0,7.0,7.0,2.0
0.15836238690068755,0.17577776838983958,-4.042524896810159,100.0,6.0,7.0,7.0,4.0
0.16865609478944737,0.19031295805146883,-0.7299226045871507,100.0,6.0,7.0,7.0,6.0
0.07735553134389617,0.09057949453067474,0.1165423304669383,100.0,6.0,7.0,7.0,8.0
0.07338285737635587,0.08702190633401102,-0.045700021318395345,100.0,6.0,7.0,7.0,9.0
0.5073634939178867,0.5133819607204883,-6.9118681037823695,100.0,8.0,1.0,1.0,2.0
0.4358588245297515,0.4368709336620739,-9.301759272444095,100.0,8.0,1.0,1.0,4.0
0.7130308086459878,0.72047722637475,-8.366445323445353,100.0,8.0,1.0,1.0,6.0
0.6454318516239567,0.6466647089770969,-20.421072048984385,100.0,8.0,1.0,1.0,8.0
0.5227684444968942,0.5247844147954522,-11.518159421010916,100.0,8.0,1.0,1.0,9.0
0.4413979568863952,0.4429086259612422,-7.078300709350465,100.0,8.0,2.0,2.0,2.0
0.4514192592884146,0.45246782176834466,-10.575338022518146,100.0,8.0,2.0,2.0,4.0
0.47000103560934897,0.4854358016559385,-7.569401630849711,100.0,8.0,2.0,2.0,6.0
0.49117650317997164,0.49684618759198845,-32.17272489471077,100.0,8.0,2.0,2.0,8.0
0.6032138254031582,0.6075737115481892,-17.41765635583369,100.0,8.0,2.0,2.0,9.0
0.7905068191672407,0.7957701816936945,-11.620352414630805,100.0,8.0,3.0,3.0,2.0
0.2836529629215641,0.295812764589512,-6.820146878803082,100.0,8.0,3.0,3.0,4.0
0.07947585224792839,0.09887730150641569,0.2501191269982065,100.0,8.0,3.0,3.0,6.0
0.6144245619361641,0.6287175205214804,-89.65895736621655,100.0,8.0,3.0,3.0,8.0
0.9149144709890131,0.9260262704721334,-10.998725522774594,100.0,8.0,3.0,3.0,9.0
0.36469517516941263,0.3669269113011603,-7.380922749653909,100.0,8.0,4.0,4.0,2.0
0.8960954406643951,0.9045181812953215,-11.096556296022577,100.0,8.0,4.0,4.0,4.0
0.4397330074295445,0.4444125205965528,-19.24331185230013,100.0,8.0,4.0,4.0,6.0
0.7628744416222019,0.7701856647225996,-9.028657617104669,100.0,8.0,4.0,4.0,8.0
0.07548973368814281,0.08896933166647741,-0.6823818637894299,100.0,8.0,4.0,4.0,9.0
0.2797429407422784,0.28253184138107307,-3.390334916642308,100.0,8.0,5.0,5.0,2.0
0.1551235152070764,0.1599194331617385,-0.4542093258746134,100.0,8.0,5.0,5.0,4.0
0.18943835087468655,0.20262421514322282,-5.044800178178061,100.0,8.0,5.0,5.0,6.0
0.16973136830181312,0.17972558014002668,-1.965567352179428,100.0,8.0,5.0,5.0,8.0
0.1995006641532027,0.21290160428765081,-5.824817326792279,100.0,8.0,5.0,5.0,9.0
0.31707448172420694,0.3192552749437268,-3.1586523691378527,100.0,8.0,6.0,6.0,2.0
0.06650241804794652,0.0808454401653616,0.42659861692754775,100.0,8.0,6.0,6.0,4.0
0.10447782901774282,0.1175452859208095,-0.05242967490228767,100.0,8.0,6.0,6.0,6.0
0.05141230786772099,0.06363374635964003,0.6239680615207128,100.0,8.0,6.0,6.0,8.0
0.10348688453727067,0.12659011211558144,-0.9911436293881755,100.0,8.0,6.0,6.0,9.0
0.5050202759886825,0.5255319141534315,-2.579721758202959,100.0,8.0,7.0,7.0,2.0
0.06644829144059448,0.08447940462110605,0.04532468386051569,100.0,8.0,7.0,7.0,4.0
0.14946225035042,0.16357884141870455,-2.115940823569003,100.0,8.0,7.0,7.0,6.0
0.089620845696728,0.11174099552393442,-0.7039525116797949,100.0,8.0,7.0,7.0,8.0
0.10591256036290603,0.13861424590682275,-4.479172937502315,100.0,8.0,7.0,7.0,9.0
0.4391895459875508,0.4447832578144466,-3.6967971042599332,100.0,9.0,1.0,1.0,2.0
0.47501214233885636,0.48020231900956956,-5.166099068554391,100.0,9.0,1.0,1.0,4.0
0.2952688012306932,0.3092884434558896,-4.733810063364634,100.0,9.0,1.0,1.0,6.0
0.45374707796027686,0.45547050261243754,-11.819231607910508,100.0,9.0,1.0,1.0,8.0
0.48955301660150713,0.492266833386546,-12.115989291685946,100.0,9.0,1.0,1.0,9.0
0.4798102961763782,0.48343993722487755,-9.897690144963772,100.0,9.0,2.0,2.0,2.0
0.37256371426433754,0.37649270438607424,-10.539308016660987,100.0,9.0,2.0,2.0,4.0
0.7213822120214545,0.7256164858142535,-10.525830847735254,100.0,9.0,2.0,2.0,6.0
0.6782878783131682,0.691145277578702,-31.717573118164246,100.0,9.0,2.0,2.0,8.0
0.6032335059627933,0.6139524899520342,-17.40543609252232,100.0,9.0,2.0,2.0,9.0
0.5355172845507704,0.5368745353197577,-16.517626360117795,100.0,9.0,3.0,3.0,2.0
0.8866156402016723,0.9000125471938024,-8.693858242562664,100.0,9.0,3.0,3.0,4.0
0.8162552530353311,0.8236896916312089,-25.065208055796862,100.0,9.0,3.0,3.0,6.0
0.5305452134991729,0.5398120684109332,-4.547677548900416,100.0,9.0,3.0,3.0,8.0
0.48421206641048625,0.4862185085306827,-9.418331290622021,100.0,9.0,3.0,3.0,9.0
0.23398936617225838,0.23720892674263797,-1.0373633478150808,100.0,9.0,4.0,4.0,2.0
1.0525641471927407,1.057931183355753,-18.92298861720261,100.0,9.0,4.0,4.0,4.0
0.09292785533265364,0.10583128624916262,0.07080433190031155,100.0,9.0,4.0,4.0,6.0
0.08609849002416664,0.10562418904675451,-0.24748954577990245,100.0,9.0,4.0,4.0,8.0
0.08762828934044077,0.0971194085077435,0.3063456467231994,100.0,9.0,4.0,4.0,9.0
0.5108700615947488,0.513940744092995,-6.883514204607406,100.0,9.0,5.0,5.0,2.0
0.5424567330663446,0.55149014014676,-59.04590570043586,100.0,9.0,5.0,5.0,4.0
0.09410861729222258,0.11952389495570334,-1.5005241047539397,100.0,9.0,5.0,5.0,6.0
0.0656966564533317,0.08757566802820858,-0.0273663155156727,100.0,9.0,5.0,5.0,8.0
0.12483157960425251,0.14174385912363038,-1.4742177057103185,100.0,9.0,5.0,5.0,9.0
0.3787674183433298,0.38185847302791065,-5.519831933719854,100.0,9.0,6.0,6.0,2.0
0.9595135816718184,0.9622877730444591,-21.9882961041749,100.0,9.0,6.0,6.0,4.0
0.06139561958666184,0.08082630279822219,0.15452889909337952,100.0,9.0,6.0,6.0,6.0
0.2734775335376504,0.2779318231314638,-2.8284387810676392,100.0,9.0,6.0,6.0,8.0
0.14408939309766325,0.1598877924721662,-2.3461514844152385,100.0,9.0,6.0,6.0,9.0
0.43871451087644137,0.45048558706803754,-2.6035188583728135,100.0,9.0,7.0,7.0,2.0
0.13465526389927102,0.15511133326273543,-2.0798595244050984,100.0,9.0,7.0,7.0,4.0
0.07248114236412449,0.09038727787231807,0.18045437292110156,100.0,9.0,7.0,7.0,6.0
0.04953400778087267,0.06139723849385527,0.6904810015934033,100.0,9.0,7.0,7.0,8.0
0.09197165557603325,0.10401985719738559,0.09210253661849854,100.0,9.0,7.0,7.0,9.0
0.38290245898416075,0.38901686850314227,-3.1176134398062345,100.0,10.0,1.0,1.0,2.0
0.6688977625752531,0.6707198904130364,-18.20667258002991,100.0,10.0,1.0,1.0,4.0
0.40610519873947337,0.4225415634938452,-8.674353897308201,100.0,10.0,1.0,1.0,6.0
0.5774874773408019,0.579552785847361,-9.761485727063326,100.0,10.0,1.0,1.0,8.0
0.500418180702631,0.5022981513412361,-12.89641485872144,100.0,10.0,1.0,1.0,9.0
0.35715572186162503,0.3659411375138198,-19.77934760976585,100.0,10.0,2.0,2.0,2.0
0.4743791969403668,0.4788847539755153,-16.019539882566434,100.0,10.0,2.0,2.0,4.0
0.745189400790636,0.747057115586782,-13.785876613766888,100.0,10.0,2.0,2.0,6.0
0.508903945663079,0.5100729046580121,-14.207639847131173,100.0,10.0,2.0,2.0,8.0
0.3296757613405628,0.3325822062557946,-4.343491443892961,100.0,10.0,2.0,2.0,9.0
0.76883172599326,0.7706600299624169,-22.36089805268033,100.0,10.0,3.0,3.0,2.0
0.7793108758116805,0.7835188169614931,-35.29378810830023,100.0,10.0,3.0,3.0,4.0
0.34010613508870635,0.34414683477315733,-8.710391510690751,100.0,10.0,3.0,3.0,6.0
0.4982887022480411,0.49951533833507666,-8.635634935388577,100.0,10.0,3.0,3.0,8.0
0.4417920451149388,0.45048854792650206,-9.970850786743172,100.0,10.0,3.0,3.0,9.0
0.878974260765815,0.8824371565839844,-26.35379599527766,100.0,10.0,4.0,4.0,2.0
0.5058098988518163,0.5404683732386939,-1.8718379918630066,100.0,10.0,4.0,4.0,4.0
0.5312023596748752,0.5351033408336654,-11.195328883473948,100.0,10.0,4.0,4.0,6.0
0.23430382935057514,0.24098186374124383,-2.92956449451993,100.0,10.0,4.0,4.0,8.0
0.0733378978271593,0.09421192190246808,-0.11389421159054969,100.0,10.0,4.0,4.0,9.0
0.3315064617777907,0.3389035060828667,-12.695028779851306,100.0,10.0,5.0,5.0,2.0
0.055571748053677934,0.06689437181899753,0.6534365228089776,100.0,10.0,5.0,5.0,4.0
0.20054585474580955,0.20396102360053975,-0.6086623450693811,100.0,10.0,5.0,5.0,6.0
0.05216778379982717,0.06388357387111228,0.5867598024004268,100.0,10.0,5.0,5.0,8.0
0.06523756967964611,0.07709270268515016,0.5857393048785716,100.0,10.0,5.0,5.0,9.0
0.07061491454269087,0.08835303130019831,0.1503729810184291,100.0,10.0,6.0,6.0,2.0
0.07608316018885508,0.10320574316768372,-0.6033655141828167,100.0,10.0,6.0,6.0,4.0
0.08832941136239714,0.11141403965714415,-0.6027475164477991,100.0,10.0,6.0,6.0,6.0
0.16631135709931882,0.18046146819605696,-3.490936531531476,100.0,10.0,6.0,6.0,8.0
0.0811234587965509,0.10037138310932794,0.006486589440963364,100.0,10.0,6.0,6.0,9.0
0.08547511436479056,0.10312134438382078,0.6687056912046265,100.0,10.0,7.0,7.0,2.0
0.09651522766306843,0.11617452766655435,-0.6060381640497376,100.0,10.0,7.0,7.0,4.0
0.10326561634859502,0.1259648608755067,-1.0449786875177614,100.0,10.0,7.0,7.0,6.0
0.08477183208248026,0.10718400840109872,-0.41694885865171405,100.0,10.0,7.0,7.0,8.0
0.10280957603565065,0.1174624306356394,-0.2516412291124588,100.0,10.0,7.0,7.0,9.0
1.1414022337183398,1.2092822215165424,-3.906970375162789,150.0,1.0,1.0,1.0,2.0
0.14017180828104847,0.1602451677215104,-0.9564319860420323,150.0,1.0,1.0,1.0,4.0
0.2796349093104445,0.30378757346011775,-0.6841116734713444,150.0,1.0,1.0,1.0,6.0
0.3692087425574703,0.37479551594572114,-6.2738579424127945,150.0,1.0,1.0,1.0,8.0
0.20935283251454864,0.2240276424554757,-2.9421703761467497,150.0,1.0,1.0,1.0,9.0
0.2968481666629556,0.29932915856726783,-1.9678667383991382,150.0,1.0,2.0,2.0,2.0
0.25456762420982554,0.2599631819456787,-3.0047854858246756,150.0,1.0,2.0,2.0,4.0
0.5244545953258914,0.5350105385273956,-3.7513663690817802,150.0,1.0,2.0,2.0,6.0
0.6088682403946959,0.6245260379712785,-4.580535338654842,150.0,1.0,2.0,2.0,8.0
0.1098214944983565,0.13507274190567461,-1.9112346677219274,150.0,1.0,2.0,2.0,9.0
0.4298583112940236,0.46707432503935425,-1.3488540279008427,150.0,1.0,3.0,3.0,2.0
0.14861196426401965,0.16642582937793574,-2.451551318797998,150.0,1.0,3.0,3.0,4.0
0.3494320920889619,0.35211129759351795,-2.904590733200452,150.0,1.0,3.0,3.0,6.0
0.670274936535462,0.7087833700587834,-2.7765406752035995,150.0,1.0,3.0,3.0,8.0
0.1416911090200189,0.1549158075046434,-1.6977890542893057,150.0,1.0,3.0,3.0,9.0
0.07857962003142571,0.0897706062891334,0.0663959804253692,150.0,1.0,4.0,4.0,2.0
0.154608392594759,0.15961676312661088,-0.7006335012160183,150.0,1.0,4.0,4.0,4.0
0.09804717744030546,0.12577973048220073,-2.048104318694623,150.0,1.0,4.0,4.0,6.0
0.0845218332598864,0.11594298220442613,-2.251638387533765,150.0,1.0,4.0,4.0,8.0
0.10948592909028562,0.13158403885068198,-1.10679554372373,150.0,1.0,4.0,4.0,9.0
0.1789851308648828,0.18661156669839257,-0.5438879402900545,150.0,1.0,5.0,5.0,2.0
0.06273013185025314,0.07659688041165685,0.41183582177874634,150.0,1.0,5.0,5.0,4.0
0.08227034846844862,0.11046838510740599,-1.4340855789196647,150.0,1.0,5.0,5.0,6.0
0.10771121109165738,0.14108524705864373,-4.828207405272654,150.0,1.0,5.0,5.0,8.0
0.0743847592434325,0.0928292103707901,0.15535158040110453,150.0,1.0,5.0,5.0,9.0
0.062435361642091985,0.07753296945131889,0.3029935002376466,150.0,1.0,6.0,6.0,2.0
0.07271091495182501,0.09633770576963423,-0.02668116897259898,150.0,1.0,6.0,6.0,4.0
0.07508007061483217,0.0946323385418142,-0.18204171552352366,150.0,1.0,6.0,6.0,6.0
0.10581631420655761,0.1313498462431713,-1.9708359891197835,150.0,1.0,6.0,6.0,8.0
0.1933237038835926,0.2150152030058879,-12.086367763994804,150.0,1.0,6.0,6.0,9.0
0.1371601212680471,0.15759493560990923,-0.10257525815877222,150.0,1.0,7.0,7.0,2.0
0.12292606222480965,0.1487456870724667,-3.311103527480892,150.0,1.0,7.0,7.0,4.0
0.08491102701878284,0.10969491290510795,-0.7510390892793388,150.0,1.0,7.0,7.0,6.0
0.06114344676698515,0.07568747026538472,0.24585695213264458,150.0,1.0,7.0,7.0,8.0
0.08629485747047326,0.11451409004322817,-1.9270616886687302,150.0,1.0,7.0,7.0,9.0
0.6596021899367416,0.6656779867352828,-8.208599178828235,150.0,2.0,1.0,1.0,2.0
0.7074584560379429,0.7887365272883079,-1.7428872713469552,150.0,2.0,1.0,1.0,4.0
0.10979500162452889,0.12552304764706881,-0.522456827257727,150.0,2.0,1.0,1.0,6.0
0.23846771774540773,0.25284285975457704,-1.6213407611132737,150.0,2.0,1.0,1.0,8.0
0.39187854695171553,0.41916272260322435,-11.15050969371394,150.0,2.0,1.0,1.0,9.0
0.4022167274142348,0.4051529330784193,-11.466744319960796,150.0,2.0,2.0,2.0,2.0
0.4449111281618519,0.4518144906064177,-4.079566785636983,150.0,2.0,2.0,2.0,4.0
0.4794385761802439,0.5012827802141323,-2.2345799588708157,150.0,2.0,2.0,2.0,6.0
0.19485782035043273,0.21019931087206487,-3.277963893544505,150.0,2.0,2.0,2.0,8.0
0.18927543389648632,0.1936423272748681,-0.20746579914692198,150.0,2.0,2.0,2.0,9.0
0.6099287451093439,0.6200582522585348,-5.726843308911994,150.0,2.0,3.0,3.0,2.0
1.1008995766227487,1.1681695464023398,-4.323653050872773,150.0,2.0,3.0,3.0,4.0
0.16796948331445885,0.18193628104255727,-1.2793991095379948,150.0,2.0,3.0,3.0,6.0
0.06733863086610857,0.08954884063706288,-0.04197965439048601,150.0,2.0,3.0,3.0,8.0
0.09701681234711695,0.12365940095822363,-1.6087137540989427,150.0,2.0,3.0,3.0,9.0
0.4417558440352523,0.44695692202393666,-3.75835890458369,150.0,2.0,4.0,4.0,2.0
0.5037757182901148,0.5124370554343762,-4.765712558922842,150.0,2.0,4.0,4.0,4.0
0.07013344496467537,0.09658099233571214,-0.7026018863677972,150.0,2.0,4.0,4.0,6.0
0.11823894826422565,0.13399988116050288,-0.6015658720970523,150.0,2.0,4.0,4.0,8.0
0.08874061379196438,0.11135860129945041,-0.6635194611368089,150.0,2.0,4.0,4.0,9.0
0.7878449790462895,0.8224148231702599,-3.882203440917915,150.0,2.0,5.0,5.0,2.0
0.06780569638314328,0.07919488131325078,0.5544361887286123,150.0,2.0,5.0,5.0,4.0
0.11221051399882039,0.1323449246052349,-1.3682093785546798,150.0,2.0,5.0,5.0,6.0
0.05443566651526259,0.06656101460712498,0.48133149517128193,150.0,2.0,5.0,5.0,8.0
0.09873774317896457,0.11784848607863546,-0.6122492425273804,150.0,2.0,5.0,5.0,9.0
0.36806650914599925,0.3773765863219827,-1.9332134769034148,150.0,2.0,6.0,6.0,2.0
0.06239090523270381,0.08181382624776055,-0.010266863158353567,150.0,2.0,6.0,6.0,4.0
0.12475027108302918,0.15157190293369316,-3.4904050002167724,150.0,2.0,6.0,6.0,6.0
0.08868114509324289,0.11273344171699248,-0.9607988316519938,150.0,2.0,6.0,6.0,8.0
0.10698733512671002,0.1293703618550171,-1.4387160283232112,150.0,2.0,6.0,6.0,9.0
0.2051849546815001,0.2143231202630186,-2.5306610419762454,150.0,2.0,7.0,7.0,2.0
0.0764940459728415,0.09928335801080015,-0.5622047252491893,150.0,2.0,7.0,7.0,4.0
0.10650798229227894,0.12149784424144498,-0.33840095054803654,150.0,2.0,7.0,7.0,6.0
0.10900532482206875,0.13994564264579473,-3.1201491619528667,150.0,2.0,7.0,7.0,8.0
0.07709938480405268,0.10066938394657046,-0.720334827451043,150.0,2.0,7.0,7.0,9.0
0.3087247421130581,0.3236230318144823,-11.358981192290356,150.0,4.0,1.0,1.0,2.0
0.2196568871324304,0.23205108825173637,-6.577691462378612,150.0,4.0,1.0,1.0,4.0
0.5563487560336831,0.5781124844097774,-2.965609066705862,150.0,4.0,1.0,1.0,6.0
0.46720567830255066,0.4758152804759705,-49.90242527282552,150.0,4.0,1.0,1.0,8.0
0.5298667209133548,0.5483937282156492,-210.49018902534158,150.0,4.0,1.0,1.0,9.0
0.5610317747578067,0.5672359517326582,-6.654955609773076,150.0,4.0,2.0,2.0,2.0
0.704417954959973,0.7102813072776253,-11.116727465174398,150.0,4.0,2.0,2.0,4.0
0.3533798368558331,0.359811539835317,-2.1269091048932287,150.0,4.0,2.0,2.0,6.0
0.4908854008500817,0.5005139728880688,-13.318919729642397,150.0,4.0,2.0,2.0,8.0
0.7071400188192768,0.7102174252340713,-40.260989030330556,150.0,4.0,2.0,2.0,9.0
0.35983106462012165,0.36984149366444524,-2.0739650914971923,150.0,4.0,3.0,3.0,2.0
0.4298873137220784,0.4468262331271796,-2.169275606104559,150.0,4.0,3.0,3.0,4.0
0.17282179313749507,0.19966113347738132,0.17363274939640772,150.0,4.0,3.0,3.0,6.0
0.12274983339910203,0.13836022418798838,-0.19294421519111604,150.0,4.0,3.0,3.0,8.0
0.07698785924331923,0.10536599828225733,-0.6964685138581734,150.0,4.0,3.0,3.0,9.0
0.33160822876145873,0.337351244869624,-2.445259857354767,150.0,4.0,4.0,4.0,2.0
0.04796719791577862,0.06343809676191937,0.6180652012400026,150.0,4.0,4.0,4.0,4.0
0.07627982825446367,0.10149907974168752,-1.3339448962348484,150.0,4.0,4.0,4.0,6.0
0.05384488362365077,0.07316545399656241,0.4554715417466,150.0,4.0,4.0,4.0,8.0
0.06604225638738702,0.08900243080389861,0.07487591602541632,150.0,4.0,4.0,4.0,9.0
0.4198236780151768,0.4236134094513988,-11.951301027718305,150.0,4.0,5.0,5.0,2.0
0.08187014983550443,0.10378807165183625,-0.3827564086062374,150.0,4.0,5.0,5.0,4.0
0.08976622873454188,0.11763807719772677,-1.2509714443568747,150.0,4.0,5.0,5.0,6.0
0.10370758413412652,0.12423017156951902,-1.0073874359086052,150.0,4.0,5.0,5.0,8.0
0.10402177213235411,0.12631596647796123,-0.884432283168386,150.0,4.0,5.0,5.0,9.0
0.10121667969222954,0.12196243864425908,-0.7838895409348687,150.0,4.0,6.0,6.0,2.0
0.0907980156353236,0.11399080221316009,-0.7957595112567495,150.0,4.0,6.0,6.0,4.0
0.2479676231528365,0.25676251854757787,-4.5849045595204565,150.0,4.0,6.0,6.0,6.0
0.09840790110965626,0.12325638711751227,-1.0106111283067962,150.0,4.0,6.0,6.0,8.0
0.16115340002229245,0.1861231132125155,-6.749493495319021,150.0,4.0,6.0,6.0,9.0
0.2761541919693394,0.3145095896029781,-6.671742890322063,150.0,4.0,7.0,7.0,2.0
0.07409282238397481,0.0958135443799596,-0.1479515115337373,150.0,4.0,7.0,7.0,4.0
0.07442578554516303,0.09025376351936369,-0.4143536493679265,150.0,4.0,7.0,7.0,6.0
0.11739181896524277,0.14615633897615482,-3.349629979504088,150.0,4.0,7.0,7.0,8.0
0.06689071180514007,0.08095888181444322,0.22634091181676597,150.0,4.0,7.0,7.0,9.0
0.5010987345164063,0.5028886152386655,-7.70438766330793,150.0,6.0,1.0,1.0,2.0
0.2902766300027612,0.29263255741981364,-4.312273201256138,150.0,6.0,1.0,1.0,4.0
0.28501910614818765,0.2888773537493219,-4.092087356800709,150.0,6.0,1.0,1.0,6.0
0.3734463187838637,0.37452916065296576,-5.6016356380051855,150.0,6.0,1.0,1.0,8.0
0.7662092358653787,0.7700001195160283,-13.478065929638749,150.0,6.0,1.0,1.0,9.0
0.399758827962979,0.40409965525335634,-4.768607596821908,150.0,6.0,2.0,2.0,2.0
0.3326547412857456,0.3432371932611424,-7.088379062936319,150.0,6.0,2.0,2.0,4.0
0.8094578138773684,0.8351805075094975,-4.881902911607643,150.0,6.0,2.0,2.0,6.0
0.9694422742510879,0.9856945976587047,-10.271879044455705,150.0,6.0,2.0,2.0,8.0
0.4928644590362949,0.49670146915640606,-19.23944230107501,150.0,6.0,2.0,2.0,9.0
0.21768226035287414,0.22284503513355156,-1.5318397295615442,150.0,6.0,3.0,3.0,2.0
0.47470635024557944,0.47779928943543987,-19.036130430723126,150.0,6.0,3.0,3.0,4.0
0.3805533866867466,0.39612426773408693,-11.689879805555572,150.0,6.0,3.0,3.0,6.0
0.4976823026721719,0.5036833276107727,-32.09417571325921,150.0,6.0,3.0,3.0,8.0
0.2409977304721915,0.24592824387492343,-3.427041417415917,150.0,6.0,3.0,3.0,9.0
0.5090485857710285,0.5145758253174969,-22.33423234936938,150.0,6.0,4.0,4.0,2.0
0.1011812073600466,0.11569939187793654,-0.2621290384849302,150.0,6.0,4.0,4.0,4.0
0.5750875956599953,0.5903823451876091,-3.78422320133508,150.0,6.0,4.0,4.0,6.0
0.6837419824585361,0.688057289841575,-9.575170821537636,150.0,6.0,4.0,4.0,8.0
0.05677266226908531,0.07703912185396568,0.17422043879939397,150.0,6.0,4.0,4.0,9.0
0.42630067753643225,0.43364832868362324,-3.5938454206860326,150.0,6.0,5.0,5.0,2.0
0.07556303346778548,0.09197767254143867,0.131090270680832,150.0,6.0,5.0,5.0,4.0
0.08566716003634535,0.11445286172261758,-1.3602403714729525,150.0,6.0,5.0,5.0,6.0
0.05689373651006579,0.07172959609421947,0.3067130369626738,150.0,6.0,5.0,5.0,8.0
0.37254700171798905,0.4133548620385618,-49.944772636289635,150.0,6.0,5.0,5.0,9.0
0.3251368885025425,0.32621934976576933,-4.306391233635018,150.0,6.0,6.0,6.0,2.0
0.10213519035055527,0.12753265608852507,-1.7253841726986887,150.0,6.0,6.0,6.0,4.0
0.04707669578150071,0.05852059175720845,0.6835584432892461,150.0,6.0,6.0,6.0,6.0
0.1673800741419239,0.18445970796374692,-3.193251259077666,150.0,6.0,6.0,6.0,8.0
0.09195114056080136,0.1250407241330928,-3.2876689844140943,150.0,6.0,6.0,6.0,9.0
0.07166578198851155,0.0872167289082602,0.30300421429355195,150.0,6.0,7.0,7.0,2.0
0.11434520471092156,0.14074078130882975,-2.856568839912842,150.0,6.0,7.0,7.0,4.0
0.24734420406669808,0.27690685352364575,-41.8222015053803,150.0,6.0,7.0,7.0,6.0
0.2362508478547179,0.25273528094061637,-13.57028473706326,150.0,6.0,7.0,7.0,8.0
0.16621992854128712,0.17118335986843142,-0.29058394575401514,150.0,6.0,7.0,7.0,9.0
0.33101594634702236,0.33501686852414325,-7.351108781205101,150.0,8.0,1.0,1.0,2.0
0.41857598690043324,0.42104005266654826,-11.100085514514225,150.0,8.0,1.0,1.0,4.0
0.5638327467228019,0.5734965949585976,-4.945582802683241,150.0,8.0,1.0,1.0,6.0
0.4506291555151386,0.4535164617202727,-5.485996856891806,150.0,8.0,1.0,1.0,8.0
0.6416479978745225,0.6496457254445053,-6.394199564317979,150.0,8.0,1.0,1.0,9.0
0.3917046789114717,0.40766288203579104,-3.8416263487683766,150.0,8.0,2.0,2.0,2.0
0.3502660963719133,0.35447594620111855,-10.11695869386844,150.0,8.0,2.0,2.0,4.0
0.31209798363695973,0.3140119031471678,-3.9180898532352293,150.0,8.0,2.0,2.0,6.0
0.2524158183520082,0.2556378499272707,-2.2282087137710955,150.0,8.0,2.0,2.0,8.0
0.6377339201952062,0.6438452020016249,-6.890027323543321,150.0,8.0,2.0,2.0,9.0
0.36834431358029873,0.37469412677264446,-15.483461594617594,150.0,8.0,3.0,3.0,2.0
0.3265725913430297,0.33308841660698596,-10.566414143048293,150.0,8.0,3.0,3.0,4.0
0.3525072658841852,0.35711375261832773,-8.767457566201875,150.0,8.0,3.0,3.0,6.0
0.38472942985942393,0.3957914334781302,-27.874126806317857,150.0,8.0,3.0,3.0,8.0
0.06797518187167143,0.08800937855044928,-0.2973383620229788,150.0,8.0,3.0,3.0,9.0
0.28737272161096766,0.2971962995655133,-12.893235546907867,150.0,8.0,4.0,4.0,2.0
0.3141595809444828,0.32715956384146366,-3.5178643993065615,150.0,8.0,4.0,4.0,4.0
0.7294618132496916,0.7810951246233189,-11.991088045834129,150.0,8.0,4.0,4.0,6.0
0.07250276184267802,0.09274459834205205,0.03136704376458377,150.0,8.0,4.0,4.0,8.0
0.7092478695298278,0.7250397017477459,-5.2589227190477335,150.0,8.0,4.0,4.0,9.0
0.10856119263023567,0.12439884080922531,-0.28043812369842547,150.0,8.0,5.0,5.0,2.0
0.10989068595419757,0.124600824771139,-0.5144860540509135,150.0,8.0,5.0,5.0,4.0
0.20572260188907815,0.21531841200678148,-4.435568045822348,150.0,8.0,5.0,5.0,6.0
0.12439242390642993,0.1350356507227231,-0.5259656065001497,150.0,8.0,5.0,5.0,8.0
0.13668851025750672,0.14447774529423302,0.13249774065359388,150.0,8.0,5.0,5.0,9.0
0.6368484311088962,0.6528185255952326,-5.070676723480289,150.0,8.0,6.0,6.0,2.0
0.41040716437350144,0.4196124209651701,-10.884743006918438,150.0,8.0,6.0,6.0,4.0
0.1425669317230625,0.1566187844226825,-1.6729606363793317,150.0,8.0,6.0,6.0,6.0
0.13186721451928649,0.1442720513337616,-0.20661510871553324,150.0,8.0,6.0,6.0,8.0
0.07643202589267384,0.09208019783424379,-0.5209769213378599,150.0,8.0,6.0,6.0,9.0
0.27311405646652415,0.2748994310241769,-3.2647540670512347,150.0,8.0,7.0,7.0,2.0
0.11936901318878365,0.1365136382366755,-1.3184711285573076,150.0,8.0,7.0,7.0,4.0
0.1870121215332023,0.208845330706589,0.18504576298992081,150.0,8.0,7.0,7.0,6.0
0.09338780832292388,0.11965463183123404,-2.0332064285695,150.0,8.0,7.0,7.0,8.0
0.08290654132609518,0.10871973081727272,-1.3560854455209221,150.0,8.0,7.0,7.0,9.0
0.3701110082651221,0.37381585220230545,-11.84546546188569,150.0,9.0,1.0,1.0,2.0
0.36202527173211607,0.36515362952614083,-6.020956693121425,150.0,9.0,1.0,1.0,4.0
0.654018876829251,0.6713988259296146,-4.685667986921952,150.0,9.0,1.0,1.0,6.0
0.513990993776425,0.5161658636907518,-9.398941324097306,150.0,9.0,1.0,1.0,8.0
0.527844887950524,0.5320264917563595,-9.152017936976792,150.0,9.0,1.0,1.0,9.0
0.3927205381577257,0.3950443880213402,-10.034789475813966,150.0,9.0,2.0,2.0,2.0
0.23713822054714395,0.2421480890620264,-3.50865850173908,150.0,9.0,2.0,2.0,4.0
0.33576822010527485,0.34170716764365877,-4.885297048394882,150.0,9.0,2.0,2.0,6.0
0.4977465244914137,0.5000926672488324,-12.866461926295871,150.0,9.0,2.0,2.0,8.0
0.3613960461601658,0.36593988859209714,-9.473323596693731,150.0,9.0,2.0,2.0,9.0
0.23507217931598853,0.2399113880963077,-3.2615969362384316,150.0,9.0,3.0,3.0,2.0
0.49910713660568423,0.5081514649702114,-4.662382204050892,150.0,9.0,3.0,3.0,4.0
0.44864907255070163,0.4617851292990953,-3.604033015176097,150.0,9.0,3.0,3.0,6.0
0.6946878672425989,0.71322114567723,-4.395105669598394,150.0,9.0,3.0,3.0,8.0
0.4550831820353909,0.4578526504210949,-11.648694069179056,150.0,9.0,3.0,3.0,9.0
0.3287715028509541,0.34577454488669107,-44.08026545951935,150.0,9.0,4.0,4.0,2.0
0.27350289143970047,0.27714518419157813,-1.2680113601033836,150.0,9.0,4.0,4.0,4.0
0.18671989587794177,0.1930456286168987,-1.968407577884201,150.0,9.0,4.0,4.0,6.0
0.06176774088686552,0.07205112797308985,0.6979686721977978,150.0,9.0,4.0,4.0,8.0
0.3373229788526936,0.33940411351891253,-5.917537165678305,150.0,9.0,4.0,4.0,9.0
0.2777137979651534,0.2849611685964444,-8.36720249240108,150.0,9.0,5.0,5.0,2.0
0.10560941247420491,0.12493041504646778,-5.5582913589882,150.0,9.0,5.0,5.0,4.0
0.09342964455460909,0.10942103993024184,0.05203358940080183,150.0,9.0,5.0,5.0,6.0
0.08504604933272183,0.10425660088451441,-0.21147145797035538,150.0,9.0,5.0,5.0,8.0
0.074926949119671,0.09195397764805824,0.16408984268598936,150.0,9.0,5.0,5.0,9.0
0.795652618287508,0.7992818738148928,-32.829525723559385,150.0,9.0,6.0,6.0,2.0
0.15423967408985328,0.1667846996368565,-1.2755287306596648,150.0,9.0,6.0,6.0,4.0
0.09642020581799468,0.12066688920370239,-1.6792136974077487,150.0,9.0,6.0,6.0,6.0
0.07479973518416093,0.09767413997553721,-0.4304499798597523,150.0,9.0,6.0,6.0,8.0
0.04268784527307628,0.05397520280687595,0.8745370081946742,150.0,9.0,6.0,6.0,9.0
0.07146836815416868,0.08451934657784418,0.4655168675347088,150.0,9.0,7.0,7.0,2.0
0.10963421451896858,0.13389646060482344,-2.011753586764887,150.0,9.0,7.0,7.0,4.0
0.07462889945200693,0.09382256164679664,-0.07791831450606201,150.0,9.0,7.0,7.0,6.0
0.07115128074019232,0.08541743635380414,0.3396601085000429,150.0,9.0,7.0,7.0,8.0
0.09835931951511456,0.12207333406012551,-12.295299595046822,150.0,9.0,7.0,7.0,9.0
0.5133716125076059,0.5184888373899192,-6.399853481560229,150.0,10.0,1.0,1.0,2.0
0.9485753121758544,0.9544555354662354,-33.72614140220144,150.0,10.0,1.0,1.0,4.0
0.4235997433250192,0.42458596622945477,-6.819491043723775,150.0,10.0,1.0,1.0,6.0
0.5039147274479312,0.5120763235539206,-15.218814014356962,150.0,10.0,1.0,1.0,8.0
0.6674551503643436,0.6709664718896757,-24.684481396771087,150.0,10.0,1.0,1.0,9.0
0.3083894887353026,0.3130323039974467,-2.9688570481104377,150.0,10.0,2.0,2.0,2.0
0.2505735956415577,0.2547446437362083,-2.6128034480496507,150.0,10.0,2.0,2.0,4.0
0.5686204914038423,0.5716299991620627,-23.94725979172136,150.0,10.0,2.0,2.0,6.0
0.3065502567872448,0.31907007007883026,-18.18173250073095,150.0,10.0,2.0,2.0,8.0
0.6305799185022755,0.6429538377587763,-5.028898119076915,150.0,10.0,2.0,2.0,9.0
0.3878905692483031,0.39351095164940814,-7.236855199165623,150.0,10.0,3.0,3.0,2.0
0.45383436757177537,0.455742680117686,-10.34040657033123,150.0,10.0,3.0,3.0,4.0
0.6049467286254011,0.6071164490575491,-14.764487322769886,150.0,10.0,3.0,3.0,6.0
0.8359856473192615,0.8419378206195235,-142.8564870859451,150.0,10.0,3.0,3.0,8.0
0.06082194717712059,0.08925112636570166,-0.19797446511501682,150.0,10.0,3.0,3.0,9.0
0.3733365693474852,0.38261016201986103,-8.020896786659497,150.0,10.0,4.0,4.0,2.0
0.26877747146139974,0.2725183695084379,-2.1355231644815,150.0,10.0,4.0,4.0,4.0
0.5314657279635512,0.5350898272685763,-8.170164384304828,150.0,10.0,4.0,4.0,6.0
0.08168191428382453,0.09840722466385128,0.05748632417920185,150.0,10.0,4.0,4.0,8.0
0.32575101701269976,0.3426158290623338,-45.75727822453963,150.0,10.0,4.0,4.0,9.0
0.3996237604603215,0.4187394401450781,-53.553864415269686,150.0,10.0,5.0,5.0,2.0
0.2276261617526455,0.25012158045190014,-3.0284901814209118,150.0,10.0,5.0,5.0,4.0
0.3031254409536762,0.3125637687968718,-2.1856174404048176,150.0,10.0,5.0,5.0,6.0
0.09521418410812107,0.11226393732489957,-0.24915838264990597,150.0,10.0,5.0,5.0,8.0
0.09085733726395553,0.10893952982744826,-0.24234494679761864,150.0,10.0,5.0,5.0,9.0
0.05080094832110596,0.061198736186860184,0.805308050913869,150.0,10.0,6.0,6.0,2.0
0.08299881603438308,0.10452973903075753,-0.3763155528603128,150.0,10.0,6.0,6.0,4.0
0.07769560203334697,0.09640873563985457,0.09754072188587515,150.0,10.0,6.0,6.0,6.0
0.10735238331135233,0.1390454613651045,-3.805441793147563,150.0,10.0,6.0,6.0,8.0
0.09397268621122928,0.11096371282241196,-0.23634847797875103,150.0,10.0,6.0,6.0,9.0
0.3339842954064452,0.3390383746144412,-8.529237022448614,150.0,10.0,7.0,7.0,2.0
0.07149960076486868,0.08982627525067965,-0.11216561379873302,150.0,10.0,7.0,7.0,4.0
0.049072420701991123,0.05889829499330424,0.7610301506370162,150.0,10.0,7.0,7.0,6.0
0.08043195428282089,0.09630135136337589,-1.783990553563147,150.0,10.0,7.0,7.0,8.0
0.047319448894095624,0.057692323183916976,0.716604610366353,150.0,10.0,7.0,7.0,9.0
